event_dt,event_ts,latitude,longitude,temperature_C,salinity_ppt,tide,do_mg_l
2018-07-18,12:00:00,24.33195,-77.68746,NA,NA,NA,NA
2018-10-17,13:07:00,24.5867,-77.69345,NA,NA,NA,NA
2018-10-17,14:30:00,24.5867,-77.69345,NA,NA,NA,NA
2018-10-17,15:44:00,24.5867,-77.69345,NA,NA,NA,NA
2018-10-17,15:52:00,24.5867,-77.69345,NA,NA,NA,NA
2018-10-20,10:10:00,24.54883,-77.63503,NA,NA,NA,NA
2018-10-23,15:45:00,24.4105,-77.79701,NA,NA,NA,NA
2019-01-07,15:30:00,24.43573,-77.70523,NA,NA,NA,NA
2019-01-10,16:24:00,24.33166,-77.68358,NA,NA,NA,NA
2019-01-11,16:45:00,24.42868,-77.70989,NA,NA,NA,NA
2019-01-14,09:00:00,24.54883,-77.63503,NA,NA,NA,NA
2019-04-23,16:18:00,24.5867,-77.69345,NA,NA,NA,NA
2019-04-23,16:50:00,24.5867,-77.69345,NA,NA,NA,NA
2019-04-24,09:57:00,24.54883,-77.63503,NA,NA,NA,NA
2019-05-12,12:00:00,24.42868,-77.70989,NA,NA,NA,NA
2019-06-11,13:45:00,24.58891,-77.68858,27.33,NA,NA,NA
2019-06-13,10:17:00,24.71751,-77.80446,28.8,NA,NA,NA
2019-06-15,16:58:00,24.43936,-77.71518,29.7,37.1,Rising,6.84
2019-06-15,17:05:00,24.43856,-77.7143,29.7,37.3,Rising,6.81
2019-06-15,17:10:00,24.43803,-77.7104,29.6,37.3,Rising,6.63
2019-06-15,17:19:00,24.43745,-77.70825,29.3,37.2,Rising,6.76
2019-06-15,17:29:00,24.43678,-77.7056,28.4,36.9,Rising,6.35
2019-06-15,17:57:00,24.43936,-77.71518,29.7,37.1,High,6.84
2019-06-15,18:10:00,24.43856,-77.7143,29.6,37.3,High,6.63
2019-06-15,18:50:00,24.43803,-77.7104,28.7,37,High,6.5
2019-06-15,19:08:00,24.43745,-77.70825,28.5,36.9,High,6.52
2019-06-15,19:14:00,24.43678,-77.7056,28.4,36.9,High,6.35
2019-06-16,09:31:00,24.45567,-77.72871,28.3,36.4,Falling,6.23
2019-06-16,09:36:00,24.4533,-77.72861,28.1,36.9,Falling,6.04
2019-06-16,09:54:00,24.45004,-77.72874,28,36.9,Falling,5.9
2019-06-16,10:03:00,24.44659,-77.72935,27.9,36.9,Falling,5.83
2019-06-16,10:08:00,24.44368,-77.72961,27.8,36.9,Falling,5.79
2019-06-16,10:36:00,24.45567,-77.72871,28.3,37,Falling,6.22
2019-06-16,10:40:00,24.4533,-77.72861,28.4,37,Falling,6.4
2019-06-16,11:04:00,24.45004,-77.72874,28,36.9,Falling,5.9
2019-06-16,11:11:00,24.44659,-77.72935,28.4,37,Falling,6.33
2019-06-16,11:31:00,24.44368,-77.72961,28,36.9,Falling,6.04
2019-06-16,11:41:00,24.45567,-77.72871,28.6,37,Falling,6.31
2019-06-16,11:43:00,24.4533,-77.72861,28.6,37,Falling,6.4
2019-06-16,11:49:00,24.45004,-77.72874,28.5,37,Falling,6.53
2019-06-16,11:52:00,24.44659,-77.72935,28.4,37,Falling,6.33
2019-06-16,11:56:00,24.44368,-77.72961,28.6,37,Falling,6.44
2019-06-16,15:08:00,24.49825,-77.70164,28.4,37,Low,6
2019-06-16,15:20:00,24.49826,-77.70461,28.5,36.9,Low,6.61
2019-06-16,15:27:00,24.49826,-77.70982,28.9,37,Low,6.65
2019-06-16,15:30:00,24.49849,-77.71199,29.2,37.2,Low,6.2
2019-06-16,15:36:00,24.4982,-77.7147,29.5,35.2,Low,6.85
2019-06-16,16:09:00,24.49825,-77.70164,28.4,37,Rising,6
2019-06-16,16:13:00,24.49826,-77.70461,28.6,37,Rising,6.73
2019-06-16,16:16:00,24.49826,-77.70982,28.9,37,Rising,6.68
2019-06-16,16:32:00,24.49849,-77.71199,29.3,37.2,Rising,6.77
2019-06-16,16:41:00,24.4982,-77.7147,29.5,35.2,Rising,6.85
2019-06-16,17:00:00,24.49825,-77.70164,28.5,36.9,Rising,6.81
2019-06-16,17:04:00,24.49826,-77.70461,28.5,36.9,Rising,6.77
2019-06-16,17:07:00,24.49826,-77.70982,NA,36.9,Rising,NA
2019-06-16,17:30:00,24.49849,-77.71199,28.8,37,Rising,6.76
2019-06-16,17:35:00,24.4982,-77.7147,29.6,35.9,Rising,7.73
2019-06-17,09:16:00,24.40769,-77.74472,27.4,36.9,NA,6.36
2019-06-17,09:29:00,24.40769,-77.74472,27.4,36.9,NA,6.36
2019-06-17,09:32:00,24.40769,-77.74472,27.4,36.9,NA,6.36
2019-06-17,09:57:00,24.40882,-77.74168,28.1,37.9,Falling,6.04
2019-06-17,10:19:00,24.40727,-77.74744,28.1,37.9,Falling,6.04
2019-06-17,10:22:00,24.40511,-77.7481,28.1,37.8,Falling,6.18
2019-06-17,10:42:00,24.40769,-77.74472,27.4,36.9,NA,6.36
2019-06-17,10:53:00,24.40882,-77.74168,28.1,38.2,Falling,6.38
2019-06-17,10:58:00,24.40727,-77.74744,28.7,37.9,Falling,6.5
2019-06-17,11:01:00,24.40769,-77.74472,27.4,36.9,NA,6.36
2019-06-17,11:14:00,24.40511,-77.7481,28.2,38,Falling,6.25
2019-06-17,11:34:00,24.40882,-77.74168,28,38.2,Falling,6.51
2019-06-17,19:48:00,24.41538,-77.78814,29,38.2,High,7.08
2019-06-17,19:51:00,24.41371,-77.79118,29,38.2,High,6.67
2019-06-17,19:56:00,24.41247,-77.79342,28.9,38.3,High,6.77
2019-06-17,20:01:00,24.41081,-77.79616,28.9,38.4,High,6.7
2019-06-17,20:05:00,24.40973,-77.79861,28.9,38.2,High,6.64
2019-06-17,20:10:00,24.40849,-77.80079,28.8,38.1,High,6.63
2019-06-17,20:48:00,24.41538,-77.78814,29,38,High,6.67
2019-06-17,20:54:00,24.41371,-77.79118,29,38.1,High,6.67
2019-06-17,20:57:00,24.41247,-77.79342,28.9,38.2,High,6.67
2019-06-17,21:06:00,24.41081,-77.79616,28.9,38.2,High,6.51
2019-06-17,21:09:00,24.40973,-77.79861,28.9,38.2,High,6.54
2019-06-17,21:28:00,24.40849,-77.80079,28.9,38.2,High,6.52
2019-06-17,21:50:00,24.41538,-77.78814,29,38,Falling,6.56
2019-06-17,21:53:00,24.41371,-77.79118,29,38.1,Falling,6.44
2019-06-17,22:03:00,24.41247,-77.79342,28.7,38.1,Falling,6.33
2019-06-17,22:17:00,24.41081,-77.79616,28.9,38.2,Falling,6.51
2019-06-17,22:19:00,24.40973,-77.79861,28.9,38.2,Falling,6.41
2019-06-17,22:22:00,24.40849,-77.80079,28.9,38.2,Falling,6.52
2019-06-17,22:24:00,24.41538,-77.78814,28.8,37.8,Falling,6.49
2019-06-17,22:58:00,24.41371,-77.79118,28.8,37.9,Falling,6.32
2019-06-17,23:00:00,24.41247,-77.79342,28.7,38.1,Falling,6.33
2019-06-18,11:28:00,24.48464,-77.72151,27,37,High,5.81
2019-06-18,11:31:00,24.48306,-77.72273,26.7,36.2,High,5.98
2019-06-18,11:37:00,24.48182,-77.72454,27,33.4,High,5.67
2019-06-18,11:40:00,24.48087,-77.72562,27.1,32.3,High,5.41
2019-06-18,11:46:00,24.47983,-77.72736,27,32.2,High,5.64
2019-06-18,12:27:00,24.48464,-77.72151,27.2,35.8,Falling,5.92
2019-06-18,12:27:00,24.48306,-77.72273,27.1,34.4,Falling,5.63
2019-06-18,12:29:00,24.48182,-77.72454,27.1,33.1,Falling,6
2019-06-18,12:32:00,24.48087,-77.72562,27.1,32.4,Falling,5.81
2019-06-18,12:35:00,24.47983,-77.72736,27.2,31.6,Falling,5.9
2019-06-18,15:57:00,24.53158,-77.6957,27.9,36.9,Falling,6.82
2019-06-18,16:02:00,24.53436,-77.69476,27.9,36.9,Falling,6.35
2019-06-18,16:09:00,24.53766,-77.69399,27.8,36.9,Falling,6.23
2019-06-18,16:13:00,24.54011,-77.69266,27.8,36.9,Falling,6.4
2019-06-18,16:21:00,24.54313,-77.69164,27.8,36.9,Falling,6.31
2019-06-18,16:24:00,24.54559,-77.69151,27.7,36.9,Falling,6.33
2019-06-18,16:52:00,24.53158,-77.6957,27.9,36.9,Low,6.7
2019-06-18,16:57:00,24.53436,-77.69476,27.9,36.9,Low,6.58
2019-06-18,17:00:00,24.53766,-77.69399,27.8,36.9,Low,6.55
2019-06-18,17:05:00,24.54011,-77.69266,27.8,36.9,Low,6.25
2019-06-18,17:09:00,24.54313,-77.69164,27.8,36.9,Low,6.24
2019-06-18,17:12:00,24.54559,-77.69151,27.7,36.9,Low,5.91
2019-06-18,17:44:00,24.53158,-77.6957,27.9,36.9,Rising,6.68
2019-06-18,17:47:00,24.53436,-77.69476,27.8,36.9,Rising,6.45
2019-06-18,17:50:00,24.53766,-77.69399,27.8,36.9,Rising,6.25
2019-06-18,17:53:00,24.54011,-77.69266,27.8,36.9,Rising,6.32
2019-06-18,18:15:00,24.54313,-77.69164,27.8,36.9,Rising,6.36
2019-06-18,18:26:00,24.54559,-77.69151,27.8,36.9,Rising,6.43
2019-06-19,10:00:00,24.54883,-77.63503,28.3,36.9,NA,6.69
2019-06-19,10:14:00,24.54883,-77.63503,28.3,36.9,NA,6.69
2019-06-19,11:07:00,24.54883,-77.63503,28.3,36.9,NA,6.69
2019-06-19,12:04:00,24.54883,-77.63503,28.3,36.9,NA,6.69
2019-06-19,14:54:00,24.58598,-77.69329,28.6,36.9,Falling,7.12
2019-06-19,15:02:00,24.58334,-77.69523,28.6,36.9,Falling,6.57
2019-06-19,15:07:00,24.58052,-77.69244,28.6,36.9,Falling,6.57
2019-06-19,15:24:00,24.57803,-77.69215,28.5,36.9,Falling,6.11
2019-06-19,15:31:00,24.57516,-77.69426,28.5,36.9,Falling,6.32
2019-06-19,15:54:00,24.58598,-77.69329,28.9,36.9,Falling,6.83
2019-06-19,16:00:00,24.58334,-77.69523,28.8,36.9,Falling,6.87
2019-06-19,16:04:00,24.58052,-77.69244,28.8,36.9,Falling,6.63
2019-06-19,16:17:00,24.57803,-77.69215,28.8,36.9,Falling,6.81
2019-06-19,16:20:00,24.57516,-77.69426,28.9,36.9,Falling,6.93
2019-06-19,16:58:00,24.58598,-77.69329,29,36.9,Low,7.01
2019-06-19,17:04:00,24.58334,-77.69523,29,36.9,Low,6.86
2019-06-19,17:09:00,24.58052,-77.69244,29,37,Low,6.91
2019-06-19,17:25:00,24.57803,-77.69215,28.9,36.9,Low,6.84
2019-06-19,17:33:00,24.57516,-77.69426,29,36.9,Low,6.86
2019-06-19,17:46:00,24.58598,-77.69329,29.5,36.9,Rising,7.35
2019-06-19,17:50:00,24.58334,-77.69523,29.1,36.9,Rising,6.72
2019-06-19,17:53:00,24.58052,-77.69244,29,36.9,Rising,6.7
2019-06-19,17:56:00,24.57803,-77.69215,29,36.9,Rising,6.95
2019-06-19,17:59:00,24.57516,-77.69426,29.1,36.9,Rising,6.77
2019-06-20,09:24:00,24.43652,-77.6961,28.4,37,Rising,6.05
2019-06-20,09:30:00,24.43461,-77.69507,28.2,36.9,Rising,6.34
2019-06-20,09:59:00,24.43187,-77.69415,27.9,36.9,Rising,6.43
2019-06-20,10:13:00,24.43038,-77.69389,28,36.9,Rising,6.51
2019-06-20,10:20:00,24.42913,-77.69454,28.1,36.9,Rising,6.48
2019-06-20,10:42:00,24.43652,-77.6961,28.2,36.9,Rising,NA
2019-06-20,10:56:00,24.43461,-77.69507,28,36.9,Rising,6.33
2019-06-20,11:12:00,24.43187,-77.69415,28.1,36.9,Rising,6.41
2019-06-20,11:17:00,24.43038,-77.69389,28.1,36.9,Rising,6.41
2019-06-20,11:37:00,24.42913,-77.69454,28.1,36.9,Rising,6.8
2019-06-20,11:44:00,24.43652,-77.6961,28.1,36.9,Rising,6.6
2019-06-20,11:47:00,24.43461,-77.69507,28.1,36.9,Rising,6.57
2019-06-20,11:49:00,24.43187,-77.69415,28.1,36.9,Rising,NA
2019-06-20,12:08:00,24.43038,-77.69389,28.1,36.9,Rising,NA
2019-06-20,12:47:00,24.42913,-77.69454,27.2,36.9,Rising,NA
2019-06-20,13:01:00,24.43652,-77.6961,27.2,36.9,High,NA
2019-06-20,13:04:00,24.43461,-77.69507,27.2,36.9,High,NA
2019-06-20,13:08:00,24.43187,-77.69415,27.2,36.9,High,NA
2019-06-20,13:12:00,24.43038,-77.69389,27.2,36.9,High,NA
2019-06-20,15:20:00,24.49312,-77.69807,28.1,NA,Falling,NA
2019-06-20,15:31:00,24.49446,-77.69758,28.1,NA,Falling,NA
2019-06-20,15:58:00,24.49638,-77.69757,28.1,NA,Falling,NA
2019-06-20,16:19:00,24.4978,-77.69717,28.1,NA,Falling,NA
2019-06-20,16:31:00,24.49939,-77.69817,28.1,NA,Falling,NA
2019-06-20,16:50:00,24.49312,-77.69807,28.1,NA,Falling,NA
2019-06-20,17:09:00,24.49446,-77.69758,28.2,NA,Falling,NA
2019-06-20,17:25:00,24.49638,-77.69757,28.2,NA,Falling,NA
2019-06-20,17:28:00,24.4978,-77.69717,28.4,NA,Falling,NA
2019-06-20,17:30:00,24.49939,-77.69817,28.4,NA,Falling,NA
2019-06-20,17:41:00,24.49312,-77.69807,28.4,NA,Low,NA
2019-06-20,18:00:00,24.49446,-77.69758,28.4,NA,Low,NA
2019-06-20,18:14:00,24.49638,-77.69757,28.4,NA,Low,NA
2019-06-21,09:10:00,24.54883,-77.63503,27.6,NA,NA,NA
2019-06-21,09:30:00,24.54883,-77.63503,27.6,NA,NA,NA
2019-06-21,10:11:00,24.54883,-77.63503,27.6,NA,NA,NA
2019-07-31,13:07:00,24.49825,-77.70291,28.9,NA,NA,NA
2019-08-01,12:01:00,24.54765,-77.68707,28.3,NA,NA,NA
2019-08-01,12:22:00,24.54137,-77.68983,28.3,NA,NA,NA
2019-08-01,13:07:00,24.54765,-77.68707,28.3,NA,NA,NA
2019-08-01,13:22:00,24.5456,-77.68846,28.3,NA,NA,NA
2019-08-01,13:49:00,24.54437,-77.68923,28.3,NA,NA,NA
2019-08-02,11:23:00,24.54883,-77.63503,28.3,NA,NA,NA
2019-08-02,11:40:00,24.54883,-77.63503,28.3,NA,NA,NA
2019-08-02,12:00:00,24.54883,-77.63503,28.3,NA,NA,NA
2019-11-10,15:54:00,24.42586,-77.77375,26.7,37.1,Rising,6.64
2019-11-10,16:00:00,24.42613,-77.77651,26.6,37.2,Rising,6.95
2019-11-10,16:12:00,24.42604,-77.77074,26.5,37.2,Rising,6.81
2019-11-10,16:18:00,24.4251,-77.77424,26.6,37.1,Rising,6.76
2019-11-10,17:02:00,24.42586,-77.77375,26.6,36.7,Rising,6.7
2019-11-10,17:16:00,24.42613,-77.77654,26.5,37.1,Rising,6.83
2019-11-10,17:42:00,24.4251,-77.77424,26.5,37.1,Rising,6.73
2019-11-10,17:52:00,24.42604,-77.77074,26.5,37.1,Rising,6.76
2019-11-11,10:54:00,24.44995,-77.75291,24.7,37.2,High,6.53
2019-11-11,11:00:00,24.44719,-77.75375,24.9,37.2,High,6.3
2019-11-11,11:18:00,24.44402,-77.75644,25,37.1,High,6.13
2019-11-11,11:23:00,24.4413,-77.75998,25.1,37.2,High,6.15
2019-11-11,11:29:00,24.43828,-77.78157,25.3,37.2,High,6.05
2019-11-11,11:58:00,24.44995,-77.75291,24.8,37.1,Falling,6.49
2019-11-11,12:17:00,24.44719,-77.75375,24.9,37.3,Falling,6.51
2019-11-11,12:32:00,24.44402,-77.75644,25.2,37.2,Falling,6.54
2019-11-11,12:38:00,24.4413,-77.75998,25.2,37.1,Falling,6.36
2019-11-11,12:49:00,24.43828,-77.78157,25.3,37.2,Falling,6.33
2019-11-11,13:05:00,24.44995,-77.75291,24.8,36.6,Falling,6.38
2019-11-11,13:11:00,24.44719,-77.75375,25.2,36.8,Falling,6.29
2019-11-11,13:23:00,24.44402,-77.75644,25.4,37.1,Falling,6.29
2019-11-11,13:28:00,24.4413,-77.75998,25.4,37,Falling,6.1
2019-11-11,14:46:00,24.4372,-77.72587,26.5,37.1,Low,6.39
2019-11-11,15:01:00,24.43721,-77.72334,26.9,37.1,Low,6.25
2019-11-11,15:07:00,24.43644,-77.72048,27.6,37.1,Low,6.1
2019-11-11,15:13:00,24.43658,-77.71799,27.5,37.1,Low,5.95
2019-11-11,15:21:00,24.43707,-77.71519,27.6,37.1,Low,5.96
2019-11-11,15:45:00,24.4372,-77.72587,26.1,37.1,Rising,6.64
2019-11-11,15:49:00,24.43721,-77.72334,26.4,37.1,Rising,6.46
2019-11-11,15:54:00,24.43644,-77.72048,27,37.1,Rising,6.33
2019-11-11,15:59:00,24.43658,-77.71799,27.3,37.1,Rising,6.3
2019-11-11,16:03:00,24.43707,-77.71519,27.3,37.1,Rising,6.2
2019-11-11,16:42:00,24.4372,-77.72587,26.1,37.1,Rising,6.5
2019-11-11,16:45:00,24.43721,-77.72334,26.3,37.1,Rising,6.35
2019-11-11,16:50:00,24.43644,-77.72048,27,37.1,Rising,6.24
2019-11-11,16:53:00,24.43658,-77.71799,27.2,37.1,Rising,6.04
2019-11-11,17:02:00,24.43707,-77.71519,27.4,37.1,Rising,5.94
2019-11-12,10:10:00,24.54883,-77.63503,28.4,36.9,NA,6.26
2019-11-12,10:53:00,24.54883,-77.63503,28.4,36.9,NA,6.26
2019-11-12,11:06:00,24.54883,-77.63503,28.4,36.9,NA,6.26
2019-11-12,14:59:00,24.52777,-77.69699,28.3,37,Low,6.4
2019-11-12,15:04:00,24.53046,-77.69562,27.5,37.1,Low,6.14
2019-11-12,15:09:00,24.53357,-77.69505,27.5,37.1,Low,6.06
2019-11-12,15:12:00,24.53606,-77.69399,27.4,37.2,Low,6.3
2019-11-12,15:16:00,24.53897,-77.6927,26.9,37.1,Low,6.19
2019-11-12,15:48:00,24.53046,-77.69562,28.5,37.1,Rising,6.43
2019-11-12,15:56:00,24.53357,-77.69505,27.8,37.1,Rising,6.2
2019-11-12,15:59:00,24.53606,-77.69399,28,37.2,Rising,6.43
2019-11-12,16:04:00,24.53897,-77.6927,27.8,37.1,Rising,6.17
2019-11-12,16:10:00,24.52777,-77.69699,28.2,37.1,Rising,6.6
2019-11-12,16:50:00,24.53046,-77.69562,27.3,37.2,Rising,6.36
2019-11-12,16:54:00,24.53357,-77.69505,28.2,37.1,Rising,6.27
2019-11-12,16:57:00,24.53606,-77.69399,28.3,37.1,Rising,6.43
2019-11-12,17:00:00,24.53897,-77.6927,28.2,37.1,Rising,6.2
2019-11-12,17:07:00,24.52777,-77.69699,28.5,37.1,Rising,6.53
2019-11-13,08:20:00,24.54883,-77.63503,28.4,36.9,NA,6.26
2019-11-13,09:52:00,24.54883,-77.63503,28.4,36.9,NA,6.26
2019-11-13,10:16:00,24.54883,-77.63503,28.4,36.9,NA,6.26
2019-11-13,11:23:00,24.54883,-77.63503,28.4,36.9,NA,6.26
2019-11-13,13:06:00,24.58521,-77.69386,27.8,37.1,Falling,6.24
2019-11-13,13:09:00,24.57975,-77.69559,27.5,37.2,Falling,5.9
2019-11-13,13:16:00,24.57802,-77.69701,27.9,37.1,Falling,5.8
2019-11-13,13:24:00,24.57581,-77.69846,27.3,37.2,Falling,6.23
2019-11-13,13:30:00,24.57355,-77.69958,27.8,37.2,Falling,5.9
2019-11-13,14:08:00,24.58521,-77.69386,27.8,37.1,Low,6.2
2019-11-13,14:12:00,24.57975,-77.69559,27.6,37.2,Low,6.04
2019-11-13,14:16:00,24.57802,-77.69701,27.1,37.2,Low,6.4
2019-11-13,14:19:00,24.57581,-77.69846,27.3,37.2,Low,6.01
2019-11-13,14:23:00,24.57358,-77.69958,27.1,37.2,Low,5.88
2019-11-13,15:16:00,24.585215,-77.69386,27.9,37.2,Rising,6.4
2019-11-13,15:28:00,24.57975,-77.69559,27.8,37.2,Rising,6.2
2019-11-13,15:33:00,24.57802,-77.69701,27.4,37.2,Rising,6.14
2019-11-13,15:35:00,24.57581,-77.69846,27.3,37.2,Rising,5.9
2019-11-13,15:43:00,24.57355,-77.69958,27.3,37.2,Rising,5.87
2019-11-13,16:34:00,24.58521,-77.69386,28,37.1,Rising,6.8
2019-11-13,16:36:00,24.57975,-77.69559,27.9,37.1,Rising,6.33
2019-11-13,16:39:00,24.57802,-77.69701,27.8,37.1,Rising,6.2
2019-11-13,16:41:00,24.57581,-77.69846,27.6,37.2,Rising,5.9
2019-11-13,16:46:00,24.57358,-77.69958,27.3,37.2,Rising,6
2019-11-14,11:41:00,24.43039,-77.71516,28.4,37.1,Falling,6.08
2019-11-14,11:45:00,24.43263,-77.71413,28.4,37,Falling,6.08
2019-11-14,11:52:00,24.43492,-77.71406,28.4,37,Falling,6.15
2019-11-14,11:56:00,24.43701,-77.71474,28.4,37,Falling,6.04
2019-11-14,11:59:00,24.43915,-77.71355,28.4,37,Falling,5.58
2019-11-14,12:10:00,24.43039,-77.71516,28.4,37.1,Falling,5.93
2019-11-14,12:40:00,24.43263,-77.71413,28.5,37.1,Falling,5.64
2019-11-14,12:09:00,24.43263,-77.71413,28.5,37.1,Falling,5.73
2019-11-14,13:01:00,24.43492,-77.71406,28.5,37.1,Falling,5.53
2019-11-14,13:05:00,24.43701,-77.71474,28.5,37.1,Falling,5.5
2019-11-14,13:08:00,24.43915,-77.71355,28.5,37.1,Falling,5.58
2019-11-14,13:24:00,24.43263,-77.71413,28.5,37.1,Falling,5.64
2019-11-14,13:42:00,24.43492,-77.71406,28.6,37.1,Falling,5.81
2019-11-14,13:45:00,24.43701,-77.71474,28.6,37.1,Falling,5.6
2019-11-14,18:37:00,24.45608,-77.73463,26.7,36,Rising,7
2019-11-14,18:44:00,24.45371,-77.73323,26.6,36.1,Rising,6.9
2019-11-14,18:50:00,24.45197,-77.73195,27,36.6,Rising,6.96
2019-11-14,18:54:00,24.44987,-77.73096,27,37,Rising,6.52
2019-11-14,19:02:00,24.44819,-77.72935,26.9,37.3,Rising,6.24
2019-11-14,19:39:00,24.45608,-77.73463,26.6,36,High,6.55
2019-11-14,19:47:00,24.45371,-77.73323,26.5,36.3,High,6.12
2019-11-14,19:55:00,24.45197,-77.73195,26.9,36.9,High,6.11
2019-11-14,19:59:00,24.44987,-77.73096,26.9,37.2,High,5.72
2019-11-14,20:00:00,24.44819,-77.72935,26.8,37.3,High,5.54
2019-11-14,20:47:00,24.45608,-77.73463,26.8,36,High,5.87
2019-11-14,20:57:00,24.45371,-77.73323,26.8,36.6,High,5.66
2019-11-14,21:02:00,24.45197,-77.73195,26.8,37,High,4.94
2019-11-14,21:07:00,24.44987,-77.73096,27,37.2,High,4.88
2019-11-14,21:13:00,24.44819,-77.72935,27,37.3,High,4.71
2019-11-14,21:34:00,24.45608,-77.73463,26.8,36,Falling,5.6
2019-11-14,21:40:00,24.45371,-77.73323,27,36.8,Falling,4.96
2019-11-14,21:41:00,24.45608,-77.73463,27,36.9,Falling,4.92
2019-11-14,21:57:00,24.44819,-77.72935,27.6,37.2,Falling,4.7
2019-11-14,22:13:00,24.44987,-77.73096,27.1,37,Falling,4.76
2019-11-14,22:20:00,24.45608,-77.73463,26.9,36.1,Falling,4.9
2019-11-14,22:24:00,24.45371,-77.73323,27.1,36.8,Falling,4.68
2019-11-14,22:27:00,24.45197,-77.73195,27.1,36.8,Falling,4.71
2019-11-15,10:08:00,24.44013,-77.69554,28.3,37,High,5.76
2019-11-15,10:11:00,24.44324,-77.6956,28.3,37,High,5.73
2019-11-15,10:16:00,24.44707,-77.69515,28.3,37,High,5.52
2019-11-15,10:19:00,24.45022,-77.69508,28.3,37,High,5.41
2019-11-15,10:22:00,24.45329,-77.69505,28.3,37,High,5.16
2019-11-15,10:48:00,24.44013,-77.69554,28.3,37.1,High,4.2
2019-11-15,10:54:00,24.44324,-77.6956,28.3,37.1,High,4.14
2019-11-15,10:57:00,24.44707,-77.69515,28.3,37.1,High,4.2
2019-11-15,11:09:00,24.45022,-77.69508,28.3,37,High,4.19
2019-11-15,11:13:00,24.45329,-77.69505,28.3,37,High,4.24
2019-11-15,11:46:00,24.44013,-77.69554,28.4,37.1,Falling,4.48
2019-11-15,11:51:00,24.44324,-77.6956,28.3,37.1,Falling,4.36
2019-11-15,12:01:00,24.44707,-77.69515,28.3,37.1,Falling,4.33
2019-11-15,12:06:00,24.45022,-77.69508,28.4,37.1,Falling,4.4
2019-11-15,12:09:00,24.45329,-77.69505,28.4,37.1,Falling,4.84
2019-11-15,12:32:00,24.44013,-77.69554,28.4,37.1,Falling,5.51
2019-11-15,12:38:00,24.44324,-77.6956,28.4,37.1,Falling,4.9
2019-11-15,12:43:00,24.44707,-77.69515,28.4,37.1,Falling,5.25
2019-11-15,12:46:00,24.45022,-77.69508,28.4,37.1,Falling,5.4
2019-11-15,12:51:00,24.45329,-77.69505,28.4,37.1,Falling,4.95
2019-11-18,16:18:00,24.53255,-77.69442,26.4,NA,Falling,NA
2019-11-18,16:21:00,24.5355,-77.69442,26,NA,Falling,NA
2019-11-18,16:26:00,24.53856,-77.69344,26,NA,Falling,NA
2019-11-19,09:45:00,24.34059,-77.66905,26.5,NA,Rising,NA
2019-11-19,09:51:00,24.33794,-77.67108,27,NA,Rising,NA
2019-11-19,10:17:00,24.33042,-77.66947,26.5,NA,Rising,NA
2019-11-19,10:35:00,24.33042,-77.66947,26.5,NA,Rising,NA
2019-11-19,10:38:00,24.34059,-77.66905,26.5,NA,Rising,NA
2019-11-19,11:09:00,24.34087,-77.66943,26.5,NA,Rising,NA
2019-11-19,11:14:00,24.33042,-77.66947,26.5,NA,Rising,NA
2019-11-19,11:16:00,24.34059,-77.66905,26.5,NA,Rising,NA
2019-11-19,11:41:00,24.34087,-77.66943,27,NA,Rising,NA
2019-11-19,11:57:00,24.34059,-77.66905,26.5,NA,Rising,NA
2019-11-19,12:05:00,24.33842,-77.66905,27,NA,Rising,NA
2019-11-22,09:17:00,24.42645,-77.76377,22.5,NA,NA,NA
2020-03-08,16:30:00,24.45912,-77.7348,20.8,39.8,NA,8.21
2020-03-08,16:45:00,24.45912,-77.7348,20.8,39.8,NA,8.21
2020-03-09,11:50:00,24.687,-77.7554,22,39.3,NA,7.77
2020-03-09,12:02:00,24.687,-77.7554,22,39.3,NA,7.77
2020-03-09,12:48:00,24.68644,-77.75537,22,39.3,NA,7.77
2020-03-10,20:09:00,24.45405,-77.72928,23,39.1,Rising,7.39
2020-03-10,20:16:00,24.45478,-77.72537,23.3,39,Rising,7.25
2020-03-10,20:24:00,24.45457,-77.7207,23.6,38.6,Rising,7.11
2020-03-10,20:31:00,24.45567,-77.71513,24.1,38.9,Rising,7.13
2020-03-10,20:39:00,24.45697,-77.7098,24.6,38.9,Rising,7.02
2020-03-10,20:52:00,24.45405,-77.72928,23.1,39,Rising,7.34
2020-03-10,20:58:00,24.45478,-77.72537,23.4,38.6,Rising,6.9
2020-03-10,21:03:00,24.45457,-77.7207,23.8,38.7,Rising,7.27
2020-03-10,21:08:00,24.45567,-77.71513,24.5,38.9,Rising,6.95
2020-03-10,21:13:00,24.45697,-77.7098,24.4,38.8,Rising,6.83
2020-03-10,21:35:00,24.45405,-77.72928,23.4,39,High,7.25
2020-03-10,21:52:00,24.45478,-77.72537,23.7,38.6,High,7.1
2020-03-10,21:56:00,24.45457,-77.7207,24.3,38.8,High,7.09
2020-03-10,22:18:00,24.45567,-77.71513,24.5,38.9,High,6.67
2020-03-10,22:42:00,24.45697,-77.7098,24.3,38.8,High,6.19
2020-03-10,23:03:00,24.45405,-77.72928,23.9,38.9,High,6.93
2020-03-10,23:07:00,24.45478,-77.72537,24.4,38.8,High,8.4
2020-03-10,23:11:00,24.45457,-77.7207,23.4,38.4,High,8.53
2020-03-10,23:32:00,24.45567,-77.71513,23.9,38.2,High,7.36
2020-03-10,23:35:00,24.45697,-77.7098,24.3,38.7,High,6.98
2020-03-11,12:08:00,24.5831,-77.6954,24.3,38.8,Falling,6.84
2020-03-11,12:12:00,24.58632,-77.69672,24.3,38.8,Falling,6.52
2020-03-11,12:16:00,24.58965,-77.69703,24.3,38.8,Falling,6.4
2020-03-11,12:20:00,24.59305,-77.69748,24.4,38.7,Falling,6.34
2020-03-11,12:23:00,24.59558,-77.69953,24.3,38.7,Falling,6.32
2020-03-11,13:29:00,24.58297,-77.69582,24.3,38.8,Falling,6.44
2020-03-11,13:39:00,24.58555,-77.69707,24.3,38.8,Falling,6.45
2020-03-11,13:43:00,24.59308,-77.69737,24.4,38.8,Falling,6.28
2020-03-11,13:47:00,24.59308,-77.69737,24.3,38.7,Falling,6.11
2020-03-11,13:50:00,24.59558,-77.69953,24.4,38.8,Falling,6.05
2020-03-11,14:45:00,24.58297,-77.69582,24.4,38.8,Falling,6.4
2020-03-11,14:59:00,24.58555,-77.69707,24.4,38.8,Falling,6.46
2020-03-11,15:13:00,24.59308,-77.69737,24.4,38.8,Falling,6.62
2020-03-11,15:18:00,24.59308,-77.69737,24.4,38.8,Falling,6.32
2020-03-11,15:27:00,24.59558,-77.69953,24.4,38.8,Falling,6.24
2020-03-11,15:58:00,24.58297,-77.69582,24.5,38.8,Low,6.09
2020-03-11,16:14:00,24.58555,-77.69707,24.5,38.3,Low,6.6
2020-03-11,16:18:00,24.59308,-77.69737,24.6,38.8,Low,6.51
2020-03-11,16:22:00,24.59308,-77.69737,24.6,38.8,Low,6.31
2020-03-11,16:26:00,24.59558,-77.69953,24.5,38.8,Low,6.38
2020-03-11,16:51:00,24.58297,-77.69582,24.7,34.7,Rising,6.43
2020-03-11,17:09:00,24.58555,-77.69707,24.6,38.8,Rising,6.5
2020-03-11,17:11:00,24.59308,-77.69737,24.7,38.8,Rising,NA
2020-03-11,17:14:00,24.59308,-77.69737,24.8,38.8,Rising,6.2
2020-03-11,17:17:00,24.59558,-77.69953,24.7,38.8,Rising,6.13
2020-03-12,11:28:00,24.54883,-77.63503,NA,NA,NA,NA
2020-03-12,11:50:00,24.54883,-77.63503,NA,NA,NA,NA
2020-03-12,12:19:00,24.54883,-77.63503,NA,NA,NA,NA
2020-03-12,15:04:00,24.49815,-77.70462,24,39.1,Falling,7.24
2020-03-12,15:12:00,24.4958,-77.7034,24.3,39.2,Falling,6.78
2020-03-12,15:17:00,24.49317,-77.70267,24.5,39.2,Falling,6.73
2020-03-12,15:21:00,24.48972,-77.70265,24.3,39.2,Falling,6.64
2020-03-12,15:24:00,24.48705,-77.70243,24.6,39.1,Falling,6.82
2020-03-12,15:40:00,24.4958,-77.7034,24.1,39.3,Falling,6.51
2020-03-12,15:58:00,24.4958,-77.7034,23.9,39.4,Falling,6.86
2020-03-12,16:09:00,24.49815,-77.70462,23.6,39.7,Falling,6.78
2020-03-12,16:14:00,24.49317,-77.70267,24.3,39.3,Falling,6.57
2020-03-12,16:18:00,24.48972,-77.70265,24,39.3,Falling,6.63
2020-03-12,16:22:00,24.48705,-77.70243,24.5,39.2,Falling,6.4
2020-03-12,16:36:00,24.4958,-77.7034,24.2,39.4,Falling,6.82
2020-03-12,17:02:00,24.49815,-77.70462,24,39.4,Falling,7.01
2020-03-12,17:05:00,24.49317,-77.70267,23.9,39.4,Falling,6.56
2020-03-12,17:08:00,24.48972,-77.70265,24.4,39.2,Falling,6.26
2020-03-12,17:10:00,24.48705,-77.70243,24.6,39.1,Falling,5.81
2020-03-13,10:29:00,24.43545,-77.69933,24.5,38.5,Rising,6.77
2020-03-13,10:32:00,24.43677,-77.70105,24.5,38.9,Rising,6.46
2020-03-13,11:21:00,24.43545,-77.69933,24.6,38.9,Rising,6.54
2020-03-13,11:29:00,24.43677,-77.70105,24.6,39,Rising,6.41
2020-03-13,12:41:00,24.43545,-77.69933,24.6,39,Rising,6.61
2020-03-13,12:42:00,24.43677,-77.70105,24.7,39,High,6.72
2020-03-13,12:53:00,24.43677,-77.70105,24.6,39,Rising,6.5
2020-03-13,12:55:00,24.43545,-77.69933,24.7,39,High,6.6
2020-03-13,13:49:00,24.43383,-77.69652,24.7,39,High,6.7
2020-03-13,13:54:00,24.43677,-77.70105,24.7,39,High,6.6
2020-03-13,13:57:00,24.43545,-77.69933,24.7,39,High,6.72
2020-03-13,14:02:00,24.43085,-77.6966,24.7,39,High,6.91
2020-03-13,14:05:00,24.42892,-77.69518,24.7,39,High,6.6
2020-03-13,14:46:00,24.43677,-77.70105,24.9,39,Falling,6.75
2020-03-13,14:49:00,24.43545,-77.69933,24.8,39,Falling,6.3
2020-03-13,14:55:00,24.43383,-77.69652,24.7,39,Falling,6.5
2020-03-13,15:00:00,24.43085,-77.6966,24.8,39,Falling,6.58
2020-03-13,15:03:00,24.42892,-77.69518,24.8,39,Falling,5.24
2020-03-13,15:26:00,24.43383,-77.69652,25.1,39,Falling,5.67
2020-03-13,15:39:00,24.43677,-77.70105,25.1,39,Falling,5.71
2020-03-13,15:42:00,24.43545,-77.69933,24,39,Falling,6.2
2020-03-13,15:53:00,24.43085,-77.6966,25.2,39,Falling,6.27
2020-03-13,15:57:00,24.42892,-77.69518,25.2,39,Falling,6.58
2020-03-13,16:19:00,24.43677,-77.70105,25.3,39,Falling,6.64
2020-03-13,16:27:00,24.43545,-77.69933,25.3,39,Falling,6.52
2020-03-13,16:31:00,24.43383,-77.69652,25.2,39,Falling,6.51
2020-03-13,16:35:00,24.43085,-77.6966,25.5,39,Falling,7.14
2020-03-13,16:38:00,24.42892,-77.69518,25.5,39,Falling,6.97
2020-03-13,17:27:00,24.43545,-77.69933,25.5,39,Falling,6.8
2020-03-13,17:31:00,24.43383,-77.69652,25.4,39,Falling,6.6
2020-03-13,17:43:00,24.43085,-77.6966,25.5,39,Falling,6.7
2020-03-13,17:45:00,24.42892,-77.69518,25.5,39,Falling,6.85
2020-03-13,18:02:00,24.43677,-77.70105,25.5,39,Falling,7
2020-07-09,16:10:00,24.54883,-77.63503,29.6,38.8,NA,5.6
2020-07-09,16:43:00,24.54883,-77.63503,29.6,38.8,NA,5.6
2020-07-09,16:57:00,24.54883,-77.63503,29.6,38.8,NA,5.6
2020-07-09,17:25:00,24.54883,-77.63503,29.6,38.8,NA,5.6
2020-07-09,17:47:00,24.54883,-77.63503,29.6,38.8,NA,5.6
2020-07-11,11:01:00,24.54883,-77.63503,29.6,38.6,NA,6.35
2020-07-12,09:40:00,24.58679,-77.69538,29.2,38.5,Rising,5.9
2020-07-12,09:50:00,24.58406,-77.69596,29.2,38.5,Rising,5.9
2020-07-12,09:55:00,24.58143,-77.69588,29.2,38.5,Rising,5.9
2020-07-12,09:59:00,24.57916,-77.6954,29.1,38.5,Rising,6.03
2020-07-12,10:15:00,24.57686,-77.69546,29.2,38.5,Rising,5.9
2020-07-12,10:30:00,24.58679,-77.69538,29.2,38.5,Rising,6
2020-07-12,10:41:00,24.58406,-77.69596,29.2,38.5,Rising,6
2020-07-12,10:46:00,24.58143,-77.69588,29.2,38.5,Rising,6
2020-07-12,10:50:00,24.57916,-77.69563,29.2,38.5,Rising,6
2020-07-12,10:53:00,24.57686,-77.69546,29.2,38.5,Rising,6
2020-07-12,11:30:00,24.58679,-77.69538,29.2,38.5,Rising,6.3
2020-07-12,11:33:00,24.58406,-77.69596,29.2,38.5,Rising,6.3
2020-07-12,11:38:00,24.58143,-77.69588,29.2,38.5,Rising,6.3
2020-07-12,11:42:00,24.57916,-77.69563,29.2,38.5,Rising,6.3
2020-07-12,11:46:00,24.57686,-77.69546,29.2,38.5,Rising,6.3
2020-07-12,12:28:00,24.58679,-77.69538,29.6,38.7,Rising,6.2
2020-07-12,12:31:00,24.58406,-77.69596,29.6,38.7,Rising,6.2
2020-07-12,12:35:00,24.58143,-77.69588,29.6,38.7,Rising,6.2
2020-07-12,12:42:00,24.57686,-77.69546,29.6,38.7,Rising,6.2
2020-07-12,12:45:00,24.57916,-77.69563,29.8,38.7,Rising,5.91
2020-07-12,13:29:00,24.58406,-77.69596,29.8,38.7,Rising,6.2
2020-07-12,13:33:00,24.58143,-77.69588,29.8,38.7,Rising,5.98
2020-07-12,13:36:00,24.57916,-77.69563,29.8,38.7,Rising,5.91
2020-07-12,13:39:00,24.57686,-77.69546,29.8,38.7,Rising,5.91
2020-07-12,13:50:00,24.58671,-77.69525,29.8,38.7,Rising,5.61
2020-07-12,14:31:00,24.58406,-77.69596,29.8,38.7,Falling,6.1
2020-07-12,14:35:00,24.58143,-77.69588,29.8,38.7,Falling,6.1
2020-07-12,14:39:00,24.57916,-77.69563,29.8,38.7,Falling,6
2020-07-12,14:43:00,24.5772,-77.69518,29.7,38.7,Falling,5.7
2020-07-12,15:00:00,24.58679,-77.69538,29.8,38.7,Falling,5.6
2020-07-12,15:31:00,24.58406,-77.69596,29.8,38.7,Falling,5.9
2020-07-12,15:44:00,24.58096,-77.68985,29.7,38.7,Falling,5.89
2020-07-12,15:56:00,24.57916,-77.69563,29.8,38.7,Falling,5.7
2020-07-12,15:59:00,24.57686,-77.69546,29.8,38.7,Falling,5.7
2020-07-12,16:04:00,24.58679,-77.69538,29.8,38.7,Falling,5.7
2020-07-12,16:16:00,24.58406,-77.69596,29.8,38.7,Falling,5.9
2020-07-12,16:20:00,24.57916,-77.69563,29.7,38.7,Falling,5.8
2020-07-12,16:23:00,24.57686,-77.69546,29.6,38.7,Falling,5.6
2020-07-12,16:52:00,24.58671,-77.69534,29.7,38.7,Falling,5.69
2020-07-12,17:20:00,24.58406,-77.69596,29.6,38.7,Falling,5.7
2020-07-12,17:26:00,24.57916,-77.69563,29.6,38.7,Falling,5.5
2020-07-12,17:29:00,24.57686,-77.69546,29.6,38.7,Falling,5.8
2020-07-13,08:55:00,24.54883,-77.63503,29.6,38.6,NA,6.35
2020-07-13,09:19:00,24.54883,-77.63503,29.6,38.6,NA,6.35
2020-07-14,08:30:00,24.54883,-77.63503,29.6,38.6,NA,6.35
2020-07-14,15:50:00,24.43528,-77.70333,29.6,38.8,Rising,6.21
2020-07-14,15:52:00,24.43606,-77.70509,29.6,38.8,Rising,5.98
2020-07-14,15:54:00,24.43711,-77.70634,29.6,38.8,Rising,5.8
2020-07-14,15:56:00,24.43913,-77.70684,29.6,38.8,Rising,5.6
2020-07-14,15:59:00,24.44124,-77.70734,29.6,38.8,Rising,5.7
2020-07-14,16:10:00,24.43606,-77.70509,29.6,38.8,Rising,5.68
2020-07-14,16:21:00,24.44124,-77.70734,29.6,38.8,Rising,5.9
2020-07-14,16:34:00,24.43528,-77.70333,29.6,38.8,Rising,5.67
2020-07-14,16:46:00,24.43606,-77.70509,30.1,38.8,High,5.59
2020-07-14,17:01:00,24.43711,-77.70634,29.6,38.8,Rising,5.62
2020-07-14,17:04:00,24.43913,-77.70684,29.6,38.8,Rising,5.63
2020-07-14,17:06:00,24.44124,-77.70734,29.6,38.8,High,NA
2020-07-14,17:27:00,24.43606,-77.70509,30,38.8,Falling,NA
2020-07-14,17:32:00,24.43528,-77.70333,29.6,38.8,High,NA
2020-07-14,17:37:00,24.43711,-77.70634,29.6,38.8,High,NA
2020-07-14,17:44:00,24.44124,-77.70734,29.6,38.8,Falling,NA
2020-07-14,17:46:00,24.43913,-77.70684,29.9,38.8,High,5.51
2020-07-14,18:01:00,24.43528,-77.70333,30.3,38.8,Falling,NA
2020-07-14,18:05:00,24.43606,-77.70509,30.2,38.8,Falling,NA
2020-07-14,18:08:00,24.43711,-77.70634,30.2,38.8,Falling,NA
2020-07-14,18:11:00,24.44124,-77.70734,29.6,38.8,Falling,5.7
2020-07-15,07:59:00,24.54883,-77.63503,29.6,38.6,NA,6.35
2020-07-15,08:09:00,24.54883,-77.63503,29.6,38.6,NA,6.35
2020-07-15,08:56:00,24.54883,-77.63503,29.6,38.6,NA,6.35
2020-10-24,17:23:00,24.4957,-77.71079,28.4,37.2,Falling,5.85
2020-10-24,17:30:00,24.49323,-77.71133,28.4,36.9,Falling,6.1
2020-10-24,17:34:00,24.495796,-77.71037,27.8,36.5,Falling,6.03
2020-10-24,17:45:00,24.5007,-77.7098,28.2,37,Falling,6.02
2020-10-24,17:54:00,24.50261,-77.70919,28.5,37.4,Falling,6.25
2020-10-24,18:11:00,24.49323,-77.71133,27.6,36.1,Falling,6.48
2020-10-24,18:13:00,24.4957,-77.71079,28.4,37.2,Falling,5.85
2020-10-24,18:16:00,24.495796,-77.71037,28.2,36,Falling,6.56
2020-10-24,18:18:00,24.5007,-77.7098,27.4,36.1,Falling,6.62
2020-10-24,18:20:00,24.50261,-77.70919,27.6,36.2,Falling,6.6
2020-10-25,09:41:00,24.54883,-77.63503,28.9,37.7,NA,6.25
2020-10-25,10:00:00,24.54883,-77.63503,28.9,37.7,NA,6.25
2020-10-25,15:03:00,24.52102,-77.69976,28.3,37.5,Rising,6.38
2020-10-25,15:11:00,24.52296,-77.69964,28.3,37.5,Rising,6.37
2020-10-25,15:19:00,24.52504,-77.6995,28.3,37.5,Rising,6.4
2020-10-25,15:25:00,24.52726,-77.69753,28.3,37.5,Rising,6.37
2020-10-25,15:28:00,24.52662,-77.69965,28.3,37.5,Rising,6.4
2020-10-25,16:07:00,24.52102,-77.69976,28.3,37.5,Rising,6.4
2020-10-25,16:10:00,24.52296,-77.69964,28.3,37.5,Rising,6.4
2020-10-25,16:13:00,24.52504,-77.6995,28.4,37.5,Rising,6.76
2020-10-25,16:21:00,24.52726,-77.69753,28.3,37.5,Rising,6.5
2020-10-25,16:24:00,24.52662,-77.69965,28.3,37.5,Rising,6.6
2020-10-25,17:04:00,24.52102,-77.69976,28.3,37.5,High,6.47
2020-10-25,17:07:00,24.52296,-77.69964,28.3,37.5,High,6.66
2020-10-25,17:10:00,24.52504,-77.6995,28.3,37.5,High,6.46
2020-10-25,17:14:00,24.52726,-77.69753,28.4,37.6,High,6.72
2020-10-25,17:17:00,24.52662,-77.69965,28.3,37.5,High,6.8
2020-10-25,18:05:00,24.52102,-77.69976,28.3,37.5,Falling,6.47
2020-10-25,18:08:00,24.52296,-77.69964,28.3,37.5,Falling,6.66
2020-10-25,18:10:00,24.52504,-77.6995,28.3,37.5,Falling,6.46
2020-10-25,18:12:00,24.52726,-77.69753,28.3,37.5,Falling,6.7
2020-10-25,18:14:00,24.52662,-77.69965,28.3,37.5,Falling,6.8
2020-10-26,10:33:00,24.64498,-77.6974,28.4,37.7,Rising,5.8
2020-10-26,10:36:00,24.64376,-77.69742,28.4,37.7,Rising,5.8
2020-10-26,10:39:00,24.64262,-77.6975,28.4,37.7,Rising,5.8
2020-10-26,10:43:00,24.64087,-77.69674,28.4,37.7,Rising,5.8
2020-10-26,11:32:00,24.64498,-77.6974,28.4,37.7,Rising,5.8
2020-10-26,11:35:00,24.64376,-77.69742,28.4,37.7,Rising,5.8
2020-10-26,11:38:00,24.64262,-77.6975,28.4,37.7,Rising,5.8
2020-10-26,11:41:00,24.64087,-77.69674,28.4,37.7,Rising,5.8
2020-10-26,12:01:00,24.6453,-77.69791,28.5,37.7,Rising,6.1
2020-10-26,12:33:00,24.64728,-77.69752,28.4,37.7,Rising,5.77
2020-10-26,12:20:00,24.64262,-77.6975,28.4,37.7,Rising,5.8
2020-10-26,12:30:00,24.64376,-77.69742,28.4,37.7,Rising,5.8
2020-10-26,13:07:00,24.64498,-77.6974,28.4,37.7,Rising,5.8
2020-10-26,13:09:00,24.64376,-77.69742,28.4,37.7,Rising,5.8
2020-10-26,13:13:00,24.64262,-77.6975,28.4,37.7,Rising,5.8
2020-10-26,13:17:00,24.64087,-77.69674,28.4,37.7,Rising,5.8
2020-10-26,13:27:00,24.64106,-77.69701,28.7,37.9,Rising,6.48
2020-10-26,14:04:00,24.6453,-77.69791,28.7,37.9,Rising,6.6
2020-10-26,14:14:00,24.64304,-77.69745,28.7,37.9,Rising,7.4
2020-10-26,14:23:00,24.64728,-77.69752,28.8,37.9,Rising,7.57
2020-10-26,14:33:00,24.64087,-77.69674,28.7,37.9,Rising,6.1
2020-10-26,15:17:00,24.64498,-77.6974,28.7,37.5,Rising,6.7
2020-10-26,15:24:00,24.64304,-77.69745,28.4,37.5,Rising,6.28
2020-10-26,15:27:00,24.64262,-77.6975,28.7,37.5,Rising,6.2
2020-10-26,15:30:00,24.64087,-77.69674,28.4,37.9,Rising,6.24
2020-10-27,08:46:00,24.5829,-77.69561,27.2,36.1,Falling,6.6
2020-10-27,08:48:00,24.58121,-77.69516,27.2,36.1,Falling,6.6
2020-10-27,08:50:00,24.57953,-77.6943,27.2,36.1,Falling,6.6
2020-10-27,08:53:00,24.57811,-77.69345,27.2,36.1,Falling,6.6
2020-10-27,08:56:00,24.57619,-77.69376,27.2,36.1,Falling,6.6
2020-10-27,08:58:00,24.57403,-77.69344,27.2,36.1,Falling,6.6
2020-10-27,09:26:00,24.57619,-77.69376,27.8,36.9,Falling,6.5
2020-10-27,09:40:00,24.5829,-77.69561,27.8,36.9,Falling,6.5
2020-10-27,09:51:00,24.58121,-77.69516,27.2,36.1,Falling,6.6
2020-10-27,09:52:00,24.57953,-77.6943,27.2,36.1,Falling,6.6
2020-10-27,09:54:00,24.57811,-77.69345,27.2,36.1,Falling,6.6
2020-10-27,10:00:00,24.57403,-77.69344,27.2,36.1,Falling,6.6
2020-10-27,10:30:00,24.5829,-77.69561,28.2,37.7,Falling,6.4
2020-10-27,10:32:00,24.58121,-77.69516,28.2,37.7,Falling,6.4
2020-10-27,10:34:00,24.57953,-77.6943,28.2,37.7,Falling,6.4
2020-10-27,10:36:00,24.57811,-77.69345,28.2,37.7,Falling,6.4
2020-10-27,10:41:00,24.57403,-77.69344,28.2,37.7,Falling,6.4
2020-10-27,10:46:00,24.57619,-77.69376,28.2,37.7,Falling,6.4
2020-10-27,11:16:00,24.5829,-77.69561,28.2,37.7,Low,6.4
2020-10-27,11:19:00,24.58121,-77.69516,28.2,37.7,Low,6.4
2020-10-27,11:21:00,24.57953,-77.6943,28.2,37.7,Low,6.4
2020-10-27,11:23:00,24.57811,-77.69345,28.2,37.7,Low,6.4
2020-10-27,11:25:00,24.57619,-77.69376,28.2,37.7,Low,6.4
2020-10-27,11:28:00,24.57403,-77.69344,28.2,37.7,Rising,6.4
2020-10-27,11:48:00,24.57619,-77.69376,28,37.2,Rising,6.6
2020-10-27,12:05:00,24.5829,-77.69561,28,37.2,Rising,6.6
2020-10-27,12:07:00,24.58121,-77.69516,28,37.2,Rising,6.6
2020-10-27,12:10:00,24.57953,-77.6943,28,37.2,Rising,6.6
2020-10-27,12:13:00,24.57811,-77.69345,28,37.2,Rising,6.6
2020-10-27,12:16:00,24.57619,-77.69376,28,37.2,Rising,6.6
2020-10-27,12:20:00,24.57403,-77.69344,28,37.2,Rising,6.6
2020-10-27,12:49:00,24.5829,-77.69561,28,37.2,Rising,6.6
2020-10-27,12:52:00,24.58121,-77.69516,28,37.2,Rising,6.6
2020-10-27,12:55:00,24.57953,-77.6943,28,37.2,Rising,6.6
2020-10-27,12:58:00,24.57811,-77.69345,28,37.2,Rising,6.6
2020-10-27,13:01:00,24.57619,-77.69376,28,37.2,Rising,6.6
2020-10-27,13:04:00,24.57403,-77.69344,28,37.2,Rising,6.6
2020-10-27,13:38:00,24.5829,-77.69561,28,37.2,Rising,6.6
2020-10-27,13:41:00,24.58121,-77.69516,28,37.2,Rising,6.6
2020-10-27,13:43:00,24.57953,-77.6943,28,37.2,Rising,6.6
2020-10-27,13:46:00,24.57811,-77.69345,28,37.2,Rising,6.6
2020-10-27,13:49:00,24.57619,-77.69376,28.8,37.7,Rising,7.1
2020-10-27,13:51:00,24.57403,-77.69344,28,37.2,Rising,6.6
2020-10-27,14:28:00,24.5829,-77.69561,28.8,37.7,Rising,7.1
2020-10-27,14:30:00,24.58121,-77.69516,28.8,37.7,Rising,7.1
2020-10-27,14:33:00,24.57953,-77.6943,28.8,37.7,Rising,7.1
2020-10-27,14:35:00,24.57811,-77.69345,28.8,37.7,Rising,7.1
2020-10-27,14:39:00,24.57403,-77.69344,28.8,37.7,Rising,7.1
2020-10-27,14:42:00,24.57619,-77.69376,28.8,37.7,Rising,7.13
2020-10-28,08:30:00,24.58781,-77.69273,28.4,37.6,Falling,6.1
2020-10-28,08:49:00,24.58852,-77.69302,28.4,37.6,Falling,6.1
2020-10-28,08:56:00,24.5859,-77.69326,28.4,37.6,Falling,6.1
2020-10-28,08:59:00,24.5822,-77.693,28.4,37.6,Falling,6.1
2020-10-28,09:02:00,24.58027,-77.69247,28.4,37.6,Falling,6.1
2020-10-28,09:04:00,24.57891,-77.69262,28.4,37.6,Falling,6.1
2020-10-28,09:29:00,24.58781,-77.69273,28.4,37.9,Falling,6
2020-10-28,09:38:00,24.58852,-77.69302,28.4,37.9,Falling,6
2020-10-28,09:40:00,24.5859,-77.69326,28.4,37.9,Falling,6
2020-10-28,09:45:00,24.5822,-77.693,28.4,37.9,Falling,6
2020-10-28,09:52:00,24.58027,-77.69247,28.4,37.9,Falling,6
2020-10-28,09:55:00,24.57891,-77.69262,28.4,37.9,Falling,6
2020-10-28,10:10:00,24.5859,-77.69326,28.4,37.9,Falling,6.1
2020-10-28,10:12:00,24.58731,-77.69271,28.4,37.9,Falling,6.1
2020-10-28,10:13:00,24.58852,-77.69302,28.4,37.9,Falling,6.1
2020-10-28,10:18:00,24.5822,-77.693,28.4,37.9,Falling,6.1
2020-10-28,10:21:00,24.58027,-77.69247,28.4,37.9,Falling,6.1
2020-10-28,10:23:00,24.57891,-77.69262,28.4,37.9,Falling,6.1
2020-10-28,10:51:00,24.5822,-77.693,28.4,37.9,Falling,6.15
2020-10-28,11:01:00,24.5859,-77.69326,28.4,37.9,Falling,6.15
2020-10-28,11:03:00,24.58731,-77.69271,28.4,37.9,Falling,6.15
2020-10-28,11:05:00,24.58852,-77.69302,28.4,37.9,Falling,6.15
2020-10-28,11:12:00,24.58027,-77.69247,28.4,37.9,Falling,6.15
2020-10-28,11:14:00,24.57891,-77.69262,28.4,37.9,Falling,6.15
2020-10-28,11:29:00,24.58852,-77.69302,28.4,37.8,Falling,6.51
2020-10-28,11:42:00,24.5859,-77.69326,28.4,37.8,Falling,6.5
2020-10-28,11:43:00,24.58731,-77.69271,28.4,37.8,Falling,6.5
2020-10-28,11:53:00,24.57891,-77.69262,28.4,37.8,Falling,6.51
2020-10-28,12:05:00,24.58027,-77.69247,28.4,37.8,Falling,6.5
2020-10-28,12:06:00,24.5822,-77.693,28.4,37.8,Falling,6.5
2020-10-28,12:21:00,24.5859,-77.69326,28.4,37.8,Falling,6.5
2020-10-28,12:23:00,24.58731,-77.69271,28.4,37.8,Falling,6.5
2020-10-28,12:25:00,24.58852,-77.69302,28.4,37.8,Falling,6.5
2020-10-28,12:31:00,24.5822,-77.693,28.4,37.8,Falling,6.5
2020-10-28,12:32:00,24.58027,-77.69247,28.4,37.8,Falling,6.5
2020-10-28,12:34:00,24.57891,-77.69262,28.4,37.8,Falling,6.5
2020-10-28,13:04:00,24.5859,-77.69326,28.4,37.8,Low,6.5
2020-10-28,13:07:00,24.58731,-77.69271,28.4,37.8,Low,6.5
2020-10-28,13:08:00,24.58852,-77.69302,28.4,37.8,Low,6.5
2020-10-28,13:16:00,24.58027,-77.69247,28.4,37.8,Low,6.51
2020-10-28,13:20:00,24.5822,-77.693,28.4,37.8,Low,6.5
2020-10-28,13:22:00,24.57891,-77.69262,28.4,37.8,Low,6.5
2020-10-29,08:27:00,24.43078,-77.69807,28.7,37.9,High,6.1
2020-10-29,08:33:00,24.43981,-77.6977,28.7,37.9,High,6.1
2020-10-29,08:45:00,24.43398,-77.69894,28.7,37.9,High,6.1
2020-10-29,08:51:00,24.43289,-77.69916,28.7,37.9,High,6.1
2020-10-29,08:55:00,24.43158,-77.69804,28.7,37.9,High,6.1
2020-10-29,08:57:00,24.43078,-77.69807,28.7,37.9,High,6.4
2020-10-29,09:00:00,24.43981,-77.6977,28.7,37.9,High,6.4
2020-10-29,09:02:00,24.43894,-77.69689,28.7,37.9,High,6.1
2020-10-29,09:31:00,24.43398,-77.69894,28.7,37.9,Falling,6.4
2020-10-29,09:33:00,24.43289,-77.69916,28.7,37.9,Falling,6.4
2020-10-29,09:35:00,24.43158,-77.69804,28.7,37.9,Falling,6.4
2020-10-29,09:38:00,24.43078,-77.69807,28.7,37.9,Falling,6.4
2020-10-29,09:44:00,24.43981,-77.6977,28.7,37.9,Falling,6.4
2020-10-29,09:54:00,24.43894,-77.69689,28.7,37.9,Falling,6.4
2020-10-29,09:58:00,24.43398,-77.69894,28.7,37.9,Falling,6.4
2020-10-29,10:15:00,24.43289,-77.69916,28.7,37.9,Falling,6.24
2020-10-29,10:18:00,24.43158,-77.69804,28.7,37.9,Falling,6.24
2020-10-29,10:19:00,24.43078,-77.69807,28.7,37.9,Falling,6.27
2020-10-29,10:20:00,24.43981,-77.6977,28.7,37.9,Falling,6.27
2020-10-29,10:24:00,24.43894,-77.69689,28.7,37.9,Falling,6.24
2020-10-29,10:42:00,24.43894,-77.69689,28.7,37.9,Falling,6.24
2020-10-29,10:54:00,24.43398,-77.69894,28.7,37.9,Falling,6.27
2020-10-29,10:57:00,24.43289,-77.69916,28.7,37.9,Falling,6.27
2020-10-29,11:00:00,24.43158,-77.69804,28.7,37.9,Falling,6.24
2020-10-29,11:07:00,24.43078,-77.69807,28.7,37.9,Falling,6.27
2020-10-29,11:09:00,24.43981,-77.6977,28.7,37.9,Falling,6.27
2020-10-29,11:12:00,24.43894,-77.69689,28.7,37.9,Falling,6.27
2020-10-29,11:37:00,24.43398,-77.69894,28.7,37.9,Falling,6.24
2020-10-29,11:43:00,24.43289,-77.69916,28.7,37.9,Falling,6.27
2020-10-29,11:46:00,24.43158,-77.69804,28.7,37.9,Falling,6.27
2020-10-29,11:48:00,24.43078,-77.69807,28.8,37.9,Falling,6.4
2020-10-29,11:50:00,24.43981,-77.6977,28.8,37.9,Falling,6.4
2020-10-29,11:52:00,24.43894,-77.69689,28.8,37.9,Falling,6.4
2020-10-29,12:05:00,24.43289,-77.69916,28.7,37.9,Falling,6.27
2020-10-29,12:24:00,24.43398,-77.69894,28.7,37.9,Falling,6.27
2020-10-29,12:33:00,24.43289,-77.69916,28.4,36.9,Falling,6.58
2020-10-29,12:41:00,24.43158,-77.69804,28.8,37.9,Falling,6.4
2020-10-29,12:50:00,24.43078,-77.69807,28.4,36.9,Falling,6.58
2020-10-29,12:52:00,24.43981,-77.6977,28.4,36.9,Falling,6.58
2020-10-29,12:54:00,24.43894,-77.69689,28.4,36.9,Falling,6.58
2020-10-29,13:17:00,24.43398,-77.69894,28.8,37.9,Falling,6.4
2020-10-29,13:28:00,24.43289,-77.69916,28.4,36.9,Falling,6.58
2020-10-29,13:35:00,24.43158,-77.69804,28.4,36.9,Falling,6.58
2020-10-29,13:37:00,24.43078,-77.69807,28.5,36.9,Falling,6.7
2020-10-29,13:39:00,24.43981,-77.6977,28.5,36.9,Falling,6.7
2020-10-29,13:42:00,24.43894,-77.69689,28.5,36.9,Falling,6.7
2020-10-29,14:07:00,24.43398,-77.69894,28.5,36.9,Low,6.7
2020-10-29,14:09:00,24.43398,-77.69894,28.5,36.9,Low,6.7
2020-10-30,09:45:00,24.54883,-77.63503,28.9,37.7,NA,6.1
2020-10-30,10:17:00,24.54883,-77.63503,28.9,37.7,NA,6.1
2020-11-09,08:30:00,24.426688,-77.763083,NA,NA,NA,NA
2020-11-09,08:00:00,24.4269,-77.7627,26.5,NA,NA,NA
2020-11-10,09:12:00,24.4269,-77.7626,26.5,NA,Rising,NA
2020-11-10,09:20:00,24.4275,-77.7626,26.5,NA,Rising,NA
2020-11-10,09:57:00,24.4269,-77.7626,26.5,NA,Rising,NA
2020-11-10,10:22:00,24.4269,-77.7626,26.5,NA,Rising,NA
2020-11-10,10:30:00,24.4275,-77.7626,26.5,NA,Rising,NA
2020-11-10,11:23:00,24.4269,-77.7626,26.5,NA,Rising,NA
2020-11-10,11:51:00,24.4275,-77.7626,26.5,NA,Rising,NA
2020-11-10,11:58:00,24.4269,-77.7626,26.5,NA,Rising,NA
2020-11-10,11:59:00,24.4269,-77.7626,26.5,NA,Rising,NA
2020-11-10,12:19:00,24.4275,-77.7626,26.5,NA,Rising,NA
2020-11-12,08:02:00,24.54883,-77.63503,NA,NA,NA,NA
2020-11-12,15:44:00,24.54883,-77.63503,NA,NA,NA,NA
2020-11-12,16:04:00,24.54883,-77.63503,NA,NA,NA,NA
2020-11-13,07:41:00,24.54883,-77.63503,NA,NA,NA,NA
2020-11-14,10:30:00,24.42915,-77.712453,NA,NA,NA,NA
2020-11-14,14:30:00,24.440594,-77.695842,NA,NA,NA,NA
2020-11-15,12:36:00,24.429182,-77.710498,27.5,NA,NA,NA
2020-11-15,17:03:00,24.498117,-77.69945,NA,NA,NA,NA
2020-11-16,11:14:00,24.588417,-77.690165,NA,NA,NA,NA
2020-11-16,12:05:00,24.587933,-77.691533,NA,NA,NA,NA
2020-11-16,13:14:00,24.587933,-77.691533,NA,NA,NA,NA
2020-11-16,13:27:00,24.588417,-77.690165,NA,NA,NA,NA
2021-01-04,07:50:00,24.54883,-77.63503,24.6,NA,NA,NA
2021-01-04,08:48:00,24.54883,-77.63503,24.6,NA,NA,NA
2021-01-05,11:52:00,24.58026,-77.69461,24.5444444444444,NA,Rising,NA
2021-01-05,11:57:00,24.58181,-77.69445,24.5333333333333,NA,Rising,NA
2021-01-05,12:01:00,24.5845,-77.69485,24.5,NA,Rising,NA
2021-01-05,12:04:00,24.58597,-77.69412,24.4833333333333,NA,Rising,NA
2021-01-05,12:38:00,24.58026,-77.69461,24.5666666666667,NA,Rising,NA
2021-01-05,12:41:00,24.58181,-77.69445,24.4666666666667,NA,Rising,NA
2021-01-05,12:43:00,24.5845,-77.69485,24.4888888888889,NA,Rising,NA
2021-01-05,12:45:00,24.58597,-77.69461,24.5222222222222,NA,Rising,NA
2021-01-05,13:24:00,24.58026,-77.69485,24.5666666666667,NA,High,NA
2021-01-05,13:28:00,24.58181,-77.69445,24.4666666666667,NA,High,NA
2021-01-05,13:33:00,24.5845,-77.69485,24.4888888888889,NA,High,NA
2021-01-05,13:36:00,24.58597,-77.69461,24.5222222222222,NA,High,NA
2021-01-05,14:08:00,24.58026,-77.69485,24.5833333333333,NA,High,NA
2021-01-05,14:11:00,24.58181,-77.69445,24.5388888888889,NA,High,NA
2021-01-05,14:13:00,24.5845,-77.69485,24.5777777777778,NA,High,NA
2021-01-05,14:14:00,24.5853,-77.69438,24.5888888888889,NA,High,NA
2021-01-05,14:53:00,24.57896,-77.6946,24.5555555555556,NA,Falling,NA
2021-01-05,14:57:00,24.58131,-77.69448,24.6,NA,Falling,NA
2021-01-05,15:19:00,24.5845,-77.69485,24.6222222222222,NA,Falling,NA
2021-01-05,15:21:00,24.5853,-77.69438,24.6222222222222,NA,Falling,NA
2021-01-05,15:40:00,24.57911,-77.69473,24.6444444444444,NA,Falling,NA
2021-01-05,16:00:00,24.58516,-77.69449,24.4,NA,Falling,NA
2021-01-05,16:19:00,24.58425,-77.69487,24.6,NA,Falling,NA
2021-01-05,16:24:00,24.57853,-77.69482,24.4,NA,Falling,NA
2021-01-05,16:40:00,24.58203,-77.69436,24.6,NA,Falling,NA
2021-01-05,16:58:00,24.5853,-77.69487,24.4444444444444,NA,Falling,NA
2021-01-05,17:00:00,24.58425,-77.69487,24.4166666666667,NA,Falling,NA
2021-01-06,10:06:00,24.42619,-77.76279,21.6777777777778,NA,Rising,NA
2021-01-06,10:08:00,24.42609,-77.76326,21.6166666666667,NA,Rising,NA
2021-01-06,10:12:00,24.42657,-77.76223,21.6166666666667,NA,Rising,NA
2021-01-06,10:14:00,24.42647,-77.7625,21.6277777777778,NA,Rising,NA
2021-01-06,10:16:00,24.42678,-77.7625,21.6222222222222,NA,Rising,NA
2021-01-06,10:52:00,24.42619,-77.76279,21.7166666666667,NA,Rising,NA
2021-01-06,10:56:00,24.42609,-77.76326,21.7,NA,Rising,NA
2021-01-06,11:00:00,24.42657,-77.76223,21.7277777777778,NA,Rising,NA
2021-01-06,11:01:00,24.42647,-77.7625,21.75,NA,Rising,NA
2021-01-06,11:03:00,24.42678,-77.7625,21.75,NA,Rising,NA
2021-01-06,11:38:00,24.42722,-77.76236,21.8388888888889,NA,Rising,NA
2021-01-06,11:41:00,24.42707,-77.76245,21.8388888888889,NA,Rising,NA
2021-01-06,11:47:00,24.42657,-77.76223,21.8888888888889,NA,Rising,NA
2021-01-06,11:49:00,24.42647,-77.7625,21.8888888888889,NA,Rising,NA
2021-01-06,11:52:00,24.42678,-77.7625,21.8944444444444,NA,Rising,NA
2021-01-06,12:23:00,24.42722,-77.76236,22.0888888888889,NA,Rising,NA
2021-01-06,12:25:00,24.42707,-77.76245,22.1333333333333,NA,Rising,NA
2021-01-06,12:29:00,24.42657,-77.76223,22.1722222222222,NA,Rising,NA
2021-01-06,12:31:00,24.42647,-77.7625,22.2,NA,Rising,NA
2021-01-06,12:33:00,24.42678,-77.7625,22.2055555555556,NA,Rising,NA
2021-01-06,12:56:00,24.42722,-77.76236,22.2777777777778,NA,Rising,NA
2021-01-06,12:58:00,24.42707,-77.76245,22.2888888888889,NA,Rising,NA
2021-01-06,13:00:00,24.42657,-77.76223,22.3944444444444,NA,Rising,NA
2021-01-06,13:02:00,24.42647,-77.7625,22.4222222222222,NA,Rising,NA
2021-01-06,13:04:00,24.42678,-77.7625,22.4111111111111,NA,Rising,NA
2021-01-07,11:15:00,24.5105,-77.69432,24.4,NA,NA,NA
2021-01-07,15:57:00,24.42925,-77.69145,24.3944444444444,NA,Falling,NA
2021-01-07,16:11:00,24.43052,-77.69181,24.4611111111111,NA,Falling,NA
2021-01-07,16:15:00,24.43119,-77.69451,24.4944444444444,NA,Falling,NA
2021-01-07,16:20:00,24.42995,-77.69359,24.5222222222222,NA,Falling,NA
2021-01-07,16:53:00,24.43145,-77.69094,24.4944444444444,NA,Falling,NA
2021-01-07,16:59:00,24.43017,-77.69106,24.5,NA,Falling,NA
2021-01-07,17:07:00,24.4313,-77.69439,24.5111111111111,NA,Falling,NA
2021-01-07,17:10:00,24.43023,-77.69398,24.5333333333333,NA,Falling,NA
2021-01-07,17:44:00,24.43132,-77.69102,24.4833333333333,NA,Falling,NA
2021-01-07,17:53:00,24.43089,-77.69078,24.5,NA,Falling,NA
2021-01-07,18:08:00,24.43136,-77.6942,24.5166666666667,NA,Falling,NA
2021-01-07,18:11:00,24.43045,-77.69393,24.5222222222222,NA,Falling,NA
2021-01-07,18:36:00,24.43188,-77.69084,24.4388888888889,NA,Falling,NA
2021-01-07,18:43:00,24.43142,-77.69095,24.4888888888889,NA,Falling,NA
2021-01-07,19:10:00,24.43218,-77.69078,24.5,NA,Falling,NA
2021-01-07,19:20:00,24.43143,-77.6909,24.4722222222222,NA,Falling,NA
2021-01-08,16:37:00,24.49809,-77.70276,24.2888888888889,NA,Falling,NA
2021-01-08,16:40:00,24.49856,-77.70337,24.2888888888889,NA,Falling,NA
2021-01-08,16:43:00,24.49789,-77.70437,24.2888888888889,NA,Falling,NA
2021-01-08,16:45:00,24.49666,-77.70414,24.2888888888889,NA,Falling,NA
2021-01-08,16:46:00,24.49531,-77.70352,24.2888888888889,NA,Falling,NA
2021-01-08,17:04:00,24.49773,-77.70409,24.4,NA,Falling,NA
2021-01-08,17:28:00,24.49642,-77.70404,24.4,NA,Falling,NA
2021-01-08,17:31:00,24.49809,-77.70276,24.2888888888889,NA,Falling,NA
2021-01-08,17:35:00,24.49856,-77.70337,24.2888888888889,NA,Falling,NA
2021-01-08,17:40:00,24.49531,-77.70352,24.2888888888889,NA,Falling,NA
2021-01-08,17:54:00,24.49789,-77.70437,24.3722222222222,NA,Falling,NA
2021-01-08,18:18:00,24.4983,-77.70288,24.3666666666667,NA,Falling,NA
2021-01-08,18:20:00,24.49856,-77.70337,24.3611111111111,NA,Falling,NA
2021-01-08,18:22:00,24.49652,-77.70374,24.3722222222222,NA,Falling,NA
2021-01-08,18:24:00,24.49531,-77.70352,24.3777777777778,NA,Falling,NA
2021-01-08,18:43:00,24.49789,-77.70437,24.35,NA,Falling,NA
2021-01-08,18:59:00,24.4982,-77.7028,24.4,NA,Falling,NA
2021-01-08,19:03:00,24.4983,-77.70288,24.35,NA,Falling,NA
2021-01-08,19:05:00,24.49789,-77.70437,24.3333333333333,NA,Falling,NA
2021-01-08,19:08:00,24.49652,-77.70374,24.35,NA,Falling,NA
2021-01-08,19:10:00,24.49531,-77.70352,24.35,NA,Falling,NA
2021-01-09,15:47:00,24.49386,-77.70526,24.7,38,Rising,6.85
2021-01-09,15:50:00,24.4952,-77.70498,24.7,38.1,Rising,6.97
2021-01-09,15:54:00,24.49612,-77.70404,24.7,38.1,Rising,7.4
2021-01-09,15:57:00,24.49722,-77.70356,24.7,38.1,Rising,7.05
2021-01-09,16:00:00,24.49848,-77.7032,24.7,38.1,Rising,8.02
2021-01-09,16:19:00,24.4952,-77.70498,24.7,38.1,Rising,7.21
2021-01-09,17:03:00,24.49386,-77.70526,24.7,38.1,Rising,6.92
2021-01-09,17:04:00,24.4952,-77.70498,24.9,38.1,Rising,6.91
2021-01-09,17:06:00,24.49612,-77.70404,24.8,38.1,Rising,7.01
2021-01-09,17:08:00,24.49722,-77.70356,24.9,38.1,Rising,6.91
2021-01-09,17:10:00,24.49848,-77.7032,24.9,38.1,Rising,6.91
2021-01-10,08:31:00,24.58119,-77.69295,24.1,38,Falling,6.5
2021-01-10,08:34:00,24.58258,-77.69257,24.1,38,Falling,6.5
2021-01-10,08:37:00,24.58382,-77.69378,24.1,38,Falling,6.5
2021-01-10,08:40:00,24.58559,-77.69372,23.7,38.1,Falling,6.36
2021-01-10,08:44:00,24.58667,-77.69419,23.7,38.1,Falling,6.36
2021-01-10,08:47:00,24.58757,-77.69574,23.7,38.1,Falling,6.36
2021-01-10,09:19:00,24.58382,-77.69378,24.1,38,Falling,6.5
2021-01-10,09:32:00,24.58119,-77.69295,24.1,38,Falling,6.5
2021-01-10,09:36:00,24.58258,-77.69257,24.1,38,Falling,6.5
2021-01-10,09:42:00,24.58559,-77.69372,23.2,38.2,Falling,6.49
2021-01-10,09:44:00,24.58667,-77.69419,23.2,38.2,Falling,6.49
2021-01-10,09:46:00,24.58757,-77.69574,23.2,38.2,Falling,6.49
2021-01-10,09:53:00,24.58258,-77.69257,23.2,38.2,Falling,6.49
2021-01-10,10:37:00,24.58258,-77.69257,23.3,38.1,Falling,6.51
2021-01-10,10:39:00,24.58258,-77.69257,23.1,37.8,Falling,6.94
2021-01-10,10:41:00,24.58119,-77.69295,23.3,38.1,Falling,6.51
2021-01-10,10:42:00,24.58559,-77.69372,23.3,38.1,Falling,6.51
2021-01-10,10:44:00,24.58667,-77.69419,23.3,38.1,Falling,6.51
2021-01-10,10:46:00,24.58757,-77.69574,23.3,38.1,Falling,6.51
2021-01-10,11:27:00,24.58559,-77.69372,23.1,37.8,Falling,6.94
2021-01-10,11:37:00,24.58119,-77.69295,23.1,37.8,Falling,6.94
2021-01-10,11:38:00,24.58258,-77.69257,23.1,37.8,Falling,6.94
2021-01-10,11:40:00,24.58382,-77.69378,23.1,37.8,Falling,6.94
2021-01-10,11:43:00,24.58667,-77.69419,23.1,37.8,Falling,6.94
2021-01-10,11:53:00,24.58757,-77.69574,23.1,37.8,Falling,6.94
2021-01-10,12:37:00,24.58559,-77.69372,23.1,37.8,Low,6.94
2021-01-10,12:42:00,24.58119,-77.69295,23.1,37.8,Low,6.94
2021-01-10,12:44:00,24.58258,-77.69257,24.1,38.1,Low,7.7
2021-01-10,12:45:00,24.58382,-77.69378,23.1,37.8,Low,6.94
2021-01-10,12:47:00,24.58667,-77.69419,23.1,37.8,Low,6.94
2021-01-10,12:50:00,24.58757,-77.69574,23.1,37.8,Low,6.94
2021-01-10,13:09:00,24.58258,-77.69257,25,37.8,Rising,7.47
2021-01-10,13:09:00,24.58258,-77.69257,25,37.8,Rising,7.47
2021-01-10,13:51:00,24.58119,-77.69295,24.1,38.1,Rising,7.7
2021-01-10,13:54:00,24.58382,-77.69378,24.1,38.1,Rising,7.7
2021-01-10,13:55:00,24.58559,-77.69372,24.1,38.1,Rising,7.7
2021-01-10,13:57:00,24.58667,-77.69419,24.1,38.1,Rising,7.7
2021-01-10,13:58:00,24.58757,-77.69574,24.1,38.1,Rising,7.7
2021-01-10,14:40:00,24.58757,-77.69574,25,37.8,Rising,7.47
2021-01-10,14:46:00,24.58667,-77.69419,25,37.8,Rising,7.47
2021-01-10,14:49:00,24.58559,-77.69372,25,37.8,Rising,7.47
2021-01-10,14:51:00,24.58382,-77.69378,25,37.8,Rising,7.47
2021-01-10,14:53:00,24.58258,-77.69257,25,37.8,Rising,7.47
2021-01-10,14:55:00,24.58119,-77.69295,25,37.8,Rising,7.47
2021-01-11,10:05:00,24.68613,-77.75677,NA,NA,NA,NA
2021-01-11,10:39:00,24.68893,-77.73838,22.8,37.4,Falling,7.4
2021-01-11,10:40:00,24.69207,-77.73932,22.8,37.4,Falling,7.4
2021-01-11,10:42:00,24.69219,-77.73982,22.8,37.4,Falling,7.4
2021-01-11,10:43:00,24.69356,-77.74129,22.8,37.4,Falling,7.4
2021-01-11,10:47:00,24.69578,-77.74257,22.8,37.4,Falling,7.4
2021-01-11,10:48:00,24.6969,-77.74428,22.8,37.4,Falling,7.4
2021-01-11,11:03:00,24.68893,-77.73838,23.1,37.9,Falling,6.82
2021-01-11,11:25:00,24.69207,-77.73932,23.1,37.9,Falling,6.82
2021-01-11,11:26:00,24.69219,-77.73982,23.1,37.9,Falling,6.82
2021-01-11,11:28:00,24.69356,-77.74129,23.1,37.9,Falling,6.82
2021-01-11,11:30:00,24.69578,-77.74257,23.1,37.9,Falling,6.82
2021-01-11,11:31:00,24.6969,-77.74428,23.1,37.9,Falling,6.82
2021-01-11,11:46:00,24.68893,-77.73838,23.2,37.6,Falling,6.91
2021-01-11,11:56:00,24.69207,-77.73932,23.2,37.6,Falling,6.91
2021-01-11,11:57:00,24.69219,-77.73982,23.2,37.6,Falling,6.91
2021-01-11,11:59:00,24.69356,-77.74129,23.2,37.6,Falling,6.91
2021-01-11,12:01:00,24.69578,-77.74257,23.2,37.6,Falling,6.91
2021-01-11,12:02:00,24.6969,-77.74428,23.2,37.6,Falling,6.91
2021-01-11,13:30:00,24.68613,-77.75677,NA,NA,NA,NA
2021-01-11,13:32:00,24.68893,-77.73838,23.7,37.9,Rising,7.44
2021-01-11,13:35:00,24.69207,-77.73932,23.7,37.9,Rising,7.44
2021-01-11,13:38:00,24.69219,-77.73982,23.7,37.9,Rising,7.44
2021-01-11,13:40:00,24.69356,-77.74129,23.7,37.9,Rising,7.44
2021-01-11,13:42:00,24.69578,-77.74257,23.7,37.9,Rising,7.44
2021-01-11,13:44:00,24.6969,-77.74428,23.7,37.9,Rising,7.44
2021-01-11,14:42:00,24.68893,-77.73838,24.1,37.9,Rising,7.44
2021-01-11,14:49:00,24.69219,-77.73982,24.1,37.9,Rising,7.44
2021-01-11,14:58:00,24.69207,-77.73932,24.1,37.9,Rising,7.44
2021-01-11,15:01:00,24.69356,-77.74129,24.1,37.9,Rising,7.44
2021-01-11,15:04:00,24.69578,-77.74257,24.1,37.9,Rising,7.44
2021-01-11,15:06:00,24.6969,-77.74428,24.1,37.9,Rising,7.44
2021-01-12,09:30:00,24.43174,-77.69632,25.1,38.1,Falling,6.45
2021-01-12,09:38:00,24.43504,-77.69662,25.1,38.1,Falling,6.44
2021-01-12,09:50:00,24.42891,-77.69539,25.1,38.1,Falling,6.45
2021-01-12,09:55:00,24.43048,-77.69565,25.1,38.1,Falling,6.45
2021-01-12,10:00:00,24.43654,-77.69713,25.1,38.1,Falling,6.44
2021-01-12,10:03:00,24.43333,-77.69637,25.1,38.1,Falling,6.44
2021-01-12,10:31:00,24.42891,-77.69539,25.1,38.1,Falling,6.43
2021-01-12,10:41:00,24.43048,-77.69565,25.1,38.1,Falling,6.49
2021-01-12,10:44:00,24.43174,-77.69632,25.1,38.1,Falling,6.43
2021-01-12,10:49:00,24.43333,-77.69637,25.1,38.1,Falling,6.49
2021-01-12,10:56:00,24.43504,-77.69662,25.1,38.1,Falling,6.43
2021-01-12,10:58:00,24.43654,-77.69713,25.1,38.1,Falling,6.49
2021-01-12,11:37:00,24.42891,-77.69539,25.1,38.1,Falling,6.47
2021-01-12,11:40:00,24.43048,-77.69565,25.1,38.1,Falling,6.47
2021-01-12,11:43:00,24.43174,-77.69632,25.1,38.1,Falling,6.49
2021-01-12,11:45:00,24.43333,-77.69637,25.1,38.1,Falling,6.47
2021-01-12,11:47:00,24.43504,-77.69662,25.1,38.1,Falling,6.47
2021-01-12,11:50:00,24.43654,-77.69713,25.1,38.1,Falling,6.47
2021-01-12,12:23:00,24.42891,-77.69539,25.1,38.1,Falling,6.61
2021-01-12,12:26:00,24.43048,-77.69565,25.1,38.1,Falling,6.61
2021-01-12,12:28:00,24.43174,-77.69632,25.1,38.1,Falling,6.61
2021-01-12,12:30:00,24.43333,-77.69637,25.1,38.1,Falling,6.65
2021-01-12,12:32:00,24.43504,-77.69662,25.1,38.1,Falling,6.65
2021-01-12,12:44:00,24.43654,-77.69713,25.1,38.1,Falling,6.65
2021-01-12,13:09:00,24.43084,-77.69565,25.1,38.1,Falling,6.55
2021-01-12,13:18:00,24.42891,-77.69539,25.1,38.1,Falling,6.55
2021-01-12,13:23:00,24.43174,-77.69632,25.1,38.1,Falling,6.55
2021-01-12,13:25:00,24.43333,-77.69637,25.2,38.1,Falling,6.92
2021-01-12,13:26:00,24.43504,-77.69662,25.2,38.1,Falling,6.92
2021-01-12,13:30:00,24.43654,-77.69713,25.2,38.1,Falling,6.92
2021-01-12,14:00:00,24.43504,-77.69662,25.2,38.1,Falling,6.7
2021-01-12,14:14:00,24.43654,-77.69713,25.2,38.1,Falling,6.7
2021-01-12,14:19:00,24.42891,-77.69539,25.1,38.1,Falling,6.5
2021-01-12,14:21:00,24.43048,-77.69565,25.1,38.1,Falling,6.5
2021-01-12,14:22:00,24.43174,-77.69632,25.1,38.1,Falling,6.5
2021-01-12,14:23:00,24.43333,-77.69637,25.2,38.1,Falling,6.7
2021-01-12,14:38:00,24.43333,-77.69637,25.3,38.1,Low,6.9
2021-01-12,14:48:00,24.42891,-77.69539,25.3,38.1,Low,6.9
2021-01-12,14:52:00,24.43048,-77.69565,25.3,38.1,Low,6.9
2021-01-12,14:54:00,24.43174,-77.69632,25.3,38.1,Low,6.9
2021-01-12,14:58:00,24.43504,-77.69662,25.3,38.1,Low,6.9
2021-01-12,15:00:00,24.43654,-77.69713,25.3,38.1,Low,6.9
2021-01-12,15:07:00,24.43654,-77.69713,25.2,38.1,Low,6.85
2021-01-12,15:16:00,24.43504,-77.69662,25.2,38.1,Low,6.85
2021-01-12,15:35:00,24.42891,-77.69539,25.2,38.1,Low,6.85
2021-01-12,15:37:00,24.43048,-77.69565,25.2,38.1,Low,6.85
2021-01-12,15:41:00,24.43174,-77.69632,25.2,38.1,Low,6.85
2021-01-12,15:42:00,24.43333,-77.69637,25.2,38.1,Low,6.85
2021-01-13,08:26:00,24.58117,-77.6937,24.7,37.9,High,6.28
2021-01-13,08:29:00,24.58174,-77.69353,24.7,37.9,High,6.28
2021-01-13,08:30:00,24.58286,-77.69368,24.7,37.9,High,6.28
2021-01-13,08:31:00,24.58418,-77.6939,24.8,37.9,High,6.3
2021-01-13,08:32:00,24.58533,-77.69367,24.8,37.9,High,6.3
2021-01-13,08:33:00,24.58628,-77.69333,24.8,37.9,High,6.3
2021-01-13,09:17:00,24.58117,-77.6937,24.6,37.9,High,6.95
2021-01-13,09:21:00,24.58174,-77.69353,24.6,37.9,High,6.95
2021-01-13,09:23:00,24.58286,-77.69368,24.6,37.9,High,6.95
2021-01-13,09:24:00,24.58418,-77.6939,24.8,37.9,High,6.92
2021-01-13,09:26:00,24.58533,-77.69367,24.8,37.9,High,6.92
2021-01-13,09:27:00,24.58628,-77.69333,24.8,37.9,High,6.92
2021-01-13,09:47:00,24.58174,-77.69353,24.7,37.9,Falling,6.4
2021-01-13,09:53:00,24.58117,-77.6937,24.7,37.9,Falling,6.4
2021-01-13,10:01:00,24.58286,-77.69368,24.7,37.9,Falling,6.4
2021-01-13,10:03:00,24.58418,-77.6939,24.8,37.9,Falling,6.35
2021-01-13,10:05:00,24.58533,-77.69367,24.8,37.9,Falling,6.35
2021-01-13,10:06:00,24.58628,-77.69333,24.8,37.9,Falling,6.35
2021-01-13,10:42:00,24.58117,-77.6937,24.7,37.9,Falling,6.4
2021-01-13,10:50:00,24.58174,-77.69353,24.7,37.9,Falling,6.4
2021-01-13,10:51:00,24.58286,-77.69368,24.7,37.9,Falling,6.4
2021-01-13,10:52:00,24.58418,-77.6939,24.7,37.9,Falling,6.36
2021-01-13,10:54:00,24.58533,-77.69367,24.7,37.9,Falling,6.36
2021-01-13,10:55:00,24.58628,-77.69333,24.7,37.9,Falling,6.36
2021-01-13,11:33:00,24.58628,-77.69333,24.7,37.9,Falling,6.4
2021-01-13,11:43:00,24.58117,-77.6937,24.5,37.8,Falling,6.46
2021-01-13,11:49:00,24.58174,-77.69353,24.5,37.8,Falling,6.46
2021-01-13,11:51:00,24.58286,-77.69368,24.5,37.8,Falling,6.46
2021-01-13,11:52:00,24.58418,-77.6939,24.7,37.9,Falling,6.4
2021-01-13,11:54:00,24.58533,-77.69367,24.7,37.9,Falling,6.4
2021-01-13,12:26:00,24.58117,-77.6937,24.4,37.8,Falling,6.52
2021-01-13,12:29:00,24.58174,-77.69353,24.4,37.8,Falling,6.52
2021-01-13,12:31:00,24.58286,-77.69368,24.4,37.8,Falling,6.52
2021-01-13,12:33:00,24.58418,-77.6939,24.6,37.8,Falling,6.26
2021-01-13,12:35:00,24.58533,-77.69367,24.6,37.8,Falling,6.26
2021-01-13,12:36:00,24.58628,-77.69333,24.6,37.8,Falling,6.26
2021-01-14,09:36:00,24.43112,-77.69735,25.1,37.7,High,6.54
2021-01-14,09:52:00,24.43571,-77.69467,25.1,37.7,High,6.54
2021-01-14,10:01:00,24.43407,-77.69467,25.1,37.7,High,6.54
2021-01-14,10:02:00,24.43243,-77.6944,25.1,37.7,High,6.54
2021-01-14,10:08:00,24.43557,-77.69735,25.1,37.7,High,6.54
2021-01-14,10:10:00,24.43112,-77.69735,25.2,38.1,Falling,6.4
2021-01-14,10:12:00,24.43258,-77.69712,25.1,37.7,High,6.54
2021-01-14,10:40:00,24.43112,-77.69735,25.2,38.1,Falling,6.6
2021-01-14,10:44:00,24.43571,-77.69467,25.2,38.1,Falling,6.4
2021-01-14,10:46:00,24.43407,-77.69467,25.2,38.1,Falling,6.4
2021-01-14,10:49:00,24.43243,-77.6944,25.2,38.1,Falling,6.4
2021-01-14,10:55:00,24.43557,-77.69735,25.2,38.1,Falling,6.4
2021-01-14,10:59:00,24.43258,-77.69712,25.2,38.1,Falling,6.4
2021-01-14,11:26:00,24.43112,-77.69735,25.2,38.1,Falling,6.6
2021-01-14,11:30:00,24.43571,-77.69467,25.2,38.1,Falling,6.6
2021-01-14,11:36:00,24.43407,-77.69467,25.2,38.1,Falling,6.6
2021-01-14,11:38:00,24.43243,-77.6944,25.2,38.1,Falling,6.6
2021-01-14,11:42:00,24.43557,-77.69735,25.2,38.1,Falling,6.6
2021-01-14,11:45:00,24.43258,-77.69712,25.2,38.1,Falling,6.6
2021-01-14,11:59:00,24.43557,-77.69735,25.2,38.1,Falling,6.6
2021-01-14,12:17:00,24.43571,-77.69467,25.2,38.1,Falling,6.6
2021-01-14,12:25:00,24.43407,-77.69467,25.2,38.1,Falling,6.6
2021-01-14,12:27:00,24.43243,-77.6944,25.2,38.1,Falling,6.6
2021-01-14,12:30:00,24.43112,-77.69735,25.3,38.1,Falling,6.84
2021-01-14,12:32:00,24.43258,-77.69712,25.2,38.1,Falling,6.6
2021-01-14,13:06:00,24.43571,-77.69467,25.3,38.1,Falling,6.84
2021-01-14,13:08:00,24.43407,-77.69467,25.3,38.1,Falling,6.84
2021-01-14,13:10:00,24.43243,-77.6944,25.3,38.1,Falling,6.84
2021-01-14,13:15:00,24.43557,-77.69735,25.3,38.1,Falling,6.84
2021-01-14,13:16:00,24.43112,-77.69735,25.4,38.1,Falling,7
2021-01-14,13:19:00,24.43258,-77.69712,25.3,38.1,Falling,6.84
2021-01-14,13:55:00,24.43571,-77.69467,25.4,38.1,Falling,7
2021-01-14,13:57:00,24.43407,-77.69467,25.4,38.1,Falling,7
2021-01-14,13:59:00,24.43243,-77.6944,25.4,38.1,Falling,7
2021-01-14,14:02:00,24.43557,-77.69735,25.4,38.1,Falling,7
2021-01-14,14:04:00,24.43112,-77.69735,25.5,38.1,Falling,7
2021-01-14,14:07:00,24.43258,-77.69712,25.4,38.1,Falling,7
2021-01-14,14:29:00,24.43112,-77.69735,25.6,38.1,Falling,7.27
2021-01-14,14:39:00,24.43571,-77.69467,25.5,38.1,Falling,7
2021-01-14,14:42:00,24.43407,-77.69467,25.5,38.1,Falling,7
2021-01-14,14:44:00,24.43243,-77.6944,25.5,38.1,Falling,7
2021-01-14,14:48:00,24.43557,-77.69735,25.5,38.1,Falling,7
2021-01-14,14:50:00,24.43258,-77.69712,25.5,38.1,Falling,7
2021-01-14,15:20:00,24.43571,-77.69467,25.6,38.1,Falling,7.27
2021-01-14,15:21:00,24.43407,-77.69467,25.6,38.1,Falling,7.27
2021-01-14,15:23:00,24.43243,-77.6944,25.6,38.1,Falling,7.27
2021-01-14,15:26:00,24.43557,-77.69735,25.6,38.1,Falling,7.27
2021-01-14,15:29:00,24.43112,-77.69735,25.5,38.1,Falling,7.35
2021-01-14,15:31:00,24.43258,-77.69712,25.6,38.1,Falling,7.27
2021-01-14,16:08:00,24.43571,-77.69467,25.5,38.1,Low,7.35
2021-01-14,16:10:00,24.43407,-77.69467,25.5,38.1,Low,7.35
2021-01-14,16:13:00,24.43243,-77.6944,25.5,38.1,Low,7.35
2021-01-14,16:16:00,24.43557,-77.69735,25.5,38.1,Low,7.35
2021-01-14,16:18:00,24.43112,-77.69735,25.4,38.1,Low,7
2021-01-14,16:20:00,24.43258,-77.69712,25.5,38.1,Low,7.35
2021-01-14,16:54:00,24.43571,-77.69467,25.4,38.1,Rising,7
2021-01-14,16:59:00,24.43407,-77.69467,25.4,38.1,Rising,7
2021-01-14,17:02:00,24.43243,-77.6944,25.4,38.1,Rising,7
2021-01-14,17:08:00,24.43557,-77.69735,25.4,38.1,Rising,7
2021-01-14,17:11:00,24.43112,-77.69735,25.4,38.1,Rising,7
2021-01-14,17:14:00,24.43258,-77.69712,25.4,38.1,Rising,7
2021-03-04,14:53:00,24.57944,-77.69111,24.9,NA,Falling,NA
2021-03-04,15:01:00,24.58416,-77.69004,24.9,NA,Falling,NA
2021-03-04,15:04:00,24.58194,-77.69075,24.9,NA,Falling,NA
2021-03-04,15:09:00,24.5822,-77.69053,24.9,NA,Falling,NA
2021-03-04,15:10:00,24.57823,-77.69087,24.9,NA,Falling,NA
2021-03-04,15:42:00,24.57944,-77.69111,24.9,NA,Falling,NA
2021-03-04,15:42:00,24.58416,-77.69004,24.9,NA,Falling,NA
2021-03-04,15:45:00,24.5822,-77.69053,24.9,NA,Falling,NA
2021-03-04,15:46:00,24.58194,-77.69075,24.9,NA,Falling,NA
2021-03-04,15:50:00,24.57823,-77.69087,24.9,NA,Falling,NA
2021-03-04,16:13:00,24.57944,-77.69111,24.9,NA,Falling,NA
2021-03-04,16:18:00,24.57823,-77.69087,24.9,NA,Falling,NA
2021-03-04,16:27:00,24.58194,-77.69075,24.9,NA,Falling,NA
2021-03-04,16:28:00,24.5822,-77.69053,24.9,NA,Falling,NA
2021-03-04,16:32:00,24.58416,-77.69004,24.9,NA,Falling,NA
2021-03-04,17:01:00,24.58416,-77.69004,24.9,NA,Falling,NA
2021-03-04,17:05:00,24.5822,-77.69053,24.9,NA,Falling,NA
2021-03-04,17:11:00,24.58194,-77.69075,24.9,NA,Falling,NA
2021-03-04,17:12:00,24.57944,-77.69111,24.9,NA,Falling,NA
2021-03-04,17:14:00,24.57823,-77.69087,24.9,NA,Falling,NA
2021-03-04,17:40:00,24.58416,-77.69004,24.9,NA,Falling,NA
2021-03-04,17:43:00,24.5822,-77.69053,24.9,NA,Falling,NA
2021-03-04,17:47:00,24.58194,-77.69075,24.9,NA,Falling,NA
2021-03-04,17:49:00,24.57944,-77.69111,24.9,NA,Falling,NA
2021-03-04,17:52:00,24.57823,-77.69087,24.9,NA,Falling,NA
2021-04-08,09:01:00,24.54883,-77.63503,24.2,37.8,NA,NA
2021-04-08,09:26:00,24.54883,-77.63503,24.2,37.8,NA,NA
2021-04-08,09:58:00,24.54883,-77.63503,24.2,37.8,NA,NA
2021-04-08,10:36:00,24.54883,-77.63503,24.2,37.8,NA,NA
2021-04-08,11:50:00,24.54883,-77.63503,24.2,37.8,NA,NA
2021-04-08,12:09:00,24.54883,-77.63503,24.2,37.8,NA,NA
2021-04-08,13:16:00,24.54883,-77.63503,24.2,37.8,NA,NA
2021-04-08,15:37:00,24.4965,-77.69732,24.2,37.8,NA,NA
2021-04-09,08:33:00,24.53355,-77.69488,24.5,36.8,High,NA
2021-04-09,08:45:00,24.53616,-77.69376,24.5,36.8,High,NA
2021-04-09,08:53:00,24.52809,-77.69783,24.5,36.8,High,NA
2021-04-09,08:55:00,24.52988,-77.69695,24.5,36.8,High,NA
2021-04-09,08:57:00,24.53185,-77.6962,24.5,36.8,High,NA
2021-04-09,09:47:00,24.53355,-77.69488,24.5,38,Falling,NA
2021-04-09,10:04:00,24.52809,-77.69783,24.5,38,Falling,NA
2021-04-09,10:14:00,24.52988,-77.69695,24.5,38,Falling,NA
2021-04-09,10:16:00,24.53185,-77.6962,24.5,38,Falling,NA
2021-04-09,10:20:00,24.53616,-77.69376,24.5,38,Falling,NA
2021-04-09,10:56:00,24.52809,-77.69783,24.5,38,Falling,NA
2021-04-09,10:59:00,24.52988,-77.69695,24.5,38,Falling,NA
2021-04-09,11:01:00,24.53185,-77.6962,24.5,38,Falling,NA
2021-04-09,11:05:00,24.53355,-77.69488,24.5,38,Falling,NA
2021-05-27,10:19:00,26.90566,-79.9699,27,NA,NA,NA
2021-05-27,11:20:00,26.90566,-79.9699,27,NA,NA,NA
2021-05-27,12:19:00,26.90566,-79.9699,27,NA,NA,NA
2021-05-27,14:30:00,26.90566,-79.9699,27,NA,NA,NA
2021-05-27,15:22:00,26.90566,-79.9699,27,NA,NA,NA
2021-05-28,10:00:00,26.90566,-79.9699,27,NA,NA,NA
2021-05-28,10:30:00,26.90566,-79.9699,27,NA,NA,NA
2021-05-28,12:30:00,26.90566,-79.9699,27,NA,NA,NA
2021-05-28,13:00:00,26.90566,-79.9699,27,NA,NA,NA
2021-06-20,14:27:00,24.49774,-77.70568,29,NA,Rising,NA
2021-06-20,14:36:00,24.49,-77.70869,29.7,NA,Rising,NA
2021-06-20,14:40:00,24.49369,-77.7057,29.2,NA,Rising,NA
2021-06-20,15:11:00,24.49774,-77.70568,28.8,NA,Rising,NA
2021-06-20,15:14:00,24.49774,-77.70568,28.3,NA,Rising,NA
2021-06-20,15:21:00,24.49,-77.70869,28.8,NA,Rising,NA
2021-06-20,15:25:00,24.49369,-77.7057,28.3,NA,Rising,NA
2021-06-20,15:46:00,24.49369,-77.7057,27.7,NA,Rising,NA
2021-06-20,15:56:00,24.49774,-77.70568,28.3,NA,Rising,NA
2021-06-20,16:04:00,24.49369,-77.7057,28,NA,Rising,NA
2021-06-20,16:21:00,24.49,-77.70869,28.3,NA,Rising,NA
2021-06-20,16:44:00,24.49774,-77.70568,28,NA,Rising,NA
2021-06-20,17:00:00,24.49369,-77.7057,27.7,NA,Rising,NA
2021-06-20,17:04:00,24.49,-77.70869,28.3,NA,Rising,NA
2021-06-21,08:17:00,24.57845,-77.69319,27.4,NA,Falling,NA
2021-06-21,08:25:00,24.58036,-77.6934,27.2,NA,Falling,NA
2021-06-21,08:35:00,24.5823,-77.69397,27.3,NA,Falling,NA
2021-06-21,08:37:00,24.58465,-77.69494,27.2,NA,Falling,NA
2021-06-21,08:40:00,24.58713,-77.69433,27.2,NA,Falling,NA
2021-06-21,09:13:00,24.58036,-77.6934,27.3,NA,Falling,NA
2021-06-21,09:25:00,24.5823,-77.69397,27.2,NA,Falling,NA
2021-06-21,09:25:00,24.57845,-77.69319,27.7,NA,Falling,NA
2021-06-21,09:30:00,24.58465,-77.69494,27.2,NA,Falling,NA
2021-06-21,09:31:00,24.58713,-77.69433,27.2,NA,Falling,NA
2021-06-21,09:57:00,24.58713,-77.69433,28.3,NA,Falling,NA
2021-06-21,10:22:00,24.5823,-77.69397,28.3,NA,Falling,NA
2021-06-21,10:23:00,24.58465,-77.69494,28.3,NA,Falling,NA
2021-06-21,10:35:00,24.57845,-77.69319,28.3,NA,Falling,NA
2021-06-21,10:37:00,24.58036,-77.6934,28.3,NA,Falling,NA
2021-06-21,10:41:00,24.58465,-77.69494,28.3,NA,Falling,NA
2021-06-21,10:56:00,24.58713,-77.69433,28.3,NA,Falling,NA
2021-06-21,11:07:00,24.5823,-77.69397,28.3,NA,Falling,NA
2021-06-21,11:20:00,24.57845,-77.69319,28.3,NA,Falling,NA
2021-06-21,11:23:00,24.58036,-77.6934,28.3,NA,Falling,NA
2021-06-21,11:25:00,24.5823,-77.69397,28.3,NA,Falling,NA
2021-06-21,11:54:00,24.58465,-77.69494,28.3,NA,Low,NA
2021-06-21,11:55:00,24.58713,-77.69433,28.3,NA,Falling,NA
2021-06-21,12:03:00,24.57845,-77.69319,28.3,NA,Rising,NA
2021-06-21,12:06:00,24.58036,-77.6934,28.3,NA,Rising,NA
2021-06-21,12:08:00,24.5823,-77.69397,28.3,NA,Rising,NA
2021-06-21,12:38:00,24.58713,-77.69433,28.3,NA,Rising,NA
2021-06-22,08:25:00,24.49428,-77.70491,27.2,NA,Falling,NA
2021-06-22,08:26:00,24.4936,-77.70493,27.2,NA,Falling,NA
2021-06-22,08:31:00,24.49712,-77.70525,27.2,NA,Falling,NA
2021-06-22,08:32:00,24.49829,-77.70541,27.2,NA,Falling,NA
2021-06-22,08:33:00,24.49891,-77.70611,27.2,NA,Falling,NA
2021-06-22,09:04:00,24.49428,-77.70491,27.2,NA,Falling,NA
2021-06-22,09:12:00,24.4936,-77.70493,27.2,NA,Falling,NA
2021-06-22,09:15:00,24.49712,-77.70525,27.2,NA,Falling,NA
2021-06-22,09:17:00,24.49829,-77.70541,27.2,NA,Falling,NA
2021-06-22,09:20:00,24.49891,-77.70611,27.2,NA,Falling,NA
2021-06-22,09:32:00,24.49428,-77.70491,27.2,NA,Falling,NA
2021-06-22,09:51:00,24.4936,-77.70493,27.2,NA,Falling,NA
2021-06-22,10:00:00,24.49712,-77.70525,27.7,NA,Falling,NA
2021-06-22,10:03:00,24.49829,-77.70541,27.7,NA,Falling,NA
2021-06-22,10:05:00,24.49891,-77.70611,27.7,NA,Falling,NA
2021-06-22,10:13:00,24.4949,-77.70369,27.2,NA,Falling,NA
2021-06-22,10:24:00,24.49712,-77.70525,27.8,NA,Falling,NA
2021-06-22,10:38:00,24.49639,-77.70448,27.5,NA,Falling,NA
2021-06-22,10:40:00,24.49829,-77.70541,27.8,NA,Falling,NA
2021-06-22,10:57:00,24.49891,-77.70611,27.7,NA,Falling,NA
2021-06-22,11:08:00,24.4949,-77.70369,27.7,NA,Falling,NA
2021-06-22,11:21:00,24.49725,-77.70441,27.7,NA,Falling,NA
2021-06-22,11:24:00,24.49639,-77.70448,27.7,NA,Falling,NA
2021-06-22,11:24:00,24.49829,-77.70541,27.7,NA,Falling,NA
2021-06-22,11:38:00,24.4949,-77.70369,27.8,NA,Falling,NA
2021-06-22,12:06:00,24.49829,-77.70541,27.7,NA,Falling,NA
2021-06-22,12:07:00,24.49891,-77.70611,27.7,NA,Falling,NA
2021-06-22,12:10:00,24.49829,-77.70541,27.7,NA,Falling,NA
2021-06-22,12:12:00,24.49639,-77.70448,27.7,NA,Falling,NA
2021-06-22,12:15:00,24.49639,-77.70448,27.7,NA,Falling,NA
2021-06-22,12:34:00,24.4949,-77.70369,27.7,NA,Falling,NA
2021-06-22,12:41:00,24.49725,-77.70441,27.7,NA,Falling,NA
2021-06-22,12:48:00,24.49829,-77.70541,27.8,NA,Falling,NA
2021-06-22,12:58:00,24.49639,-77.70448,27.7,NA,Falling,NA
2021-06-22,16:01:00,24.48506,-77.70914,30,NA,Rising,NA
2021-06-22,16:05:00,24.48631,-77.70941,29.4,NA,Rising,NA
2021-06-22,16:07:00,24.48783,-77.71052,29.4,NA,Rising,NA
2021-06-22,16:10:00,24.4892,-77.71117,29.4,NA,Rising,NA
2021-06-22,16:12:00,24.49091,-77.71157,29.8,NA,Rising,NA
2021-06-22,16:42:00,24.48506,-77.70914,29.4,NA,Rising,NA
2021-06-22,16:45:00,24.48631,-77.70941,29.4,NA,Rising,NA
2021-06-22,16:47:00,24.48783,-77.71052,29.4,NA,Rising,NA
2021-06-22,16:49:00,24.4892,-77.71117,30,NA,Rising,NA
2021-06-22,16:51:00,24.49091,-77.71157,29.4,NA,Rising,NA
2021-06-22,17:16:00,24.4892,-77.71117,28.8,NA,Rising,NA
2021-06-22,17:24:00,24.49107,-77.71211,29.4,NA,Rising,NA
2021-06-22,17:34:00,24.48506,-77.70914,28.3,NA,Rising,NA
2021-06-22,17:36:00,24.48631,-77.70941,28.8,NA,Rising,NA
2021-06-22,17:38:00,24.48783,-77.71052,28.8,NA,Rising,NA
2021-06-23,08:24:00,24.57685,-77.69005,26.7,NA,Falling,NA
2021-06-23,08:26:00,24.57987,-77.69061,26.7,NA,Falling,NA
2021-06-23,08:31:00,24.58126,-77.69078,26.7,NA,Falling,NA
2021-06-23,08:33:00,24.58178,-77.69236,26.7,NA,Falling,NA
2021-06-23,08:35:00,24.58279,-77.69424,26.7,NA,Falling,NA
2021-06-23,09:09:00,24.57685,-77.69005,26.7,NA,Falling,NA
2021-06-23,09:13:00,24.57987,-77.69061,26.7,NA,Falling,NA
2021-06-23,09:16:00,24.58126,-77.69078,26.7,NA,Falling,NA
2021-06-23,09:20:00,24.58178,-77.69236,26.7,NA,Falling,NA
2021-06-23,09:23:00,24.58279,-77.69424,26.7,NA,Falling,NA
2021-06-23,09:40:00,24.58178,-77.69236,26.6,NA,Falling,NA
2021-06-23,09:55:00,24.57685,-77.69005,26.7,NA,Falling,NA
2021-06-23,10:00:00,24.57987,-77.69061,26.7,NA,Falling,NA
2021-06-23,10:03:00,24.58126,-77.69078,26.7,NA,Falling,NA
2021-06-23,10:08:00,24.58279,-77.69424,26.7,NA,Falling,NA
2021-06-23,10:40:00,24.58178,-77.69236,26.7,NA,Falling,NA
2021-06-23,10:45:00,24.57685,-77.69005,26.7,NA,Falling,NA
2021-06-23,10:50:00,24.57987,-77.69061,26.7,NA,Falling,NA
2021-06-23,10:52:00,24.58126,-77.69078,27.6,NA,Falling,NA
2021-06-23,10:55:00,24.57685,-77.69005,27.2,NA,Falling,NA
2021-06-23,11:00:00,24.58279,-77.69424,27.6,NA,Falling,NA
2021-06-23,11:23:00,24.58279,-77.69424,27.8,NA,Falling,NA
2021-06-23,11:30:00,24.58178,-77.69236,27.8,NA,Falling,NA
2021-06-23,11:35:00,24.57987,-77.69061,28,NA,Falling,NA
2021-06-23,11:48:00,24.58178,-77.69236,28.3,NA,Falling,NA
2021-06-23,11:56:00,24.58126,-77.69078,28,NA,Falling,NA
2021-06-23,12:23:00,24.58279,-77.69424,28.6,NA,Falling,NA
2021-06-23,12:31:00,24.57987,-77.69061,28.6,NA,Falling,NA
2021-06-23,12:34:00,24.57685,-77.69005,27.8,NA,Falling,NA
2021-06-23,12:44:00,24.58126,-77.69078,28.6,NA,Falling,NA
2021-06-23,12:46:00,24.58178,-77.69236,28.6,NA,Falling,NA
2021-06-23,18:07:00,24.54883,-77.63503,27.6,NA,NA,NA
2021-06-24,09:21:00,24.4269,-77.70655,27,NA,Falling,NA
2021-06-24,09:28:00,24.43072,-77.70647,27.5,NA,Falling,NA
2021-06-24,09:29:00,24.43178,-77.70591,27.5,NA,Falling,NA
2021-06-24,09:35:00,24.43394,-77.70541,26.6,NA,Falling,NA
2021-06-24,09:37:00,24.43533,-77.70545,27.5,NA,Falling,NA
2021-06-24,10:10:00,24.43072,-77.70647,27.5,NA,Falling,NA
2021-06-24,10:12:00,24.4235,-77.70749,27,NA,Falling,NA
2021-06-24,10:17:00,24.43178,-77.70591,27.5,NA,Falling,NA
2021-06-24,10:18:00,24.43072,-77.70647,27,NA,Falling,NA
2021-06-24,10:28:00,24.43394,-77.70541,27.5,NA,Falling,NA
2021-06-24,10:31:00,24.43533,-77.70543,26.6,NA,Falling,NA
2021-06-24,11:08:00,24.43178,-77.70591,27.5,NA,Falling,NA
2021-06-24,11:13:00,24.4269,-77.70655,27.5,NA,Falling,NA
2021-06-24,11:15:00,24.43533,-77.70543,26.6,NA,Falling,NA
2021-06-24,11:24:00,24.43394,-77.70541,27.5,NA,Falling,NA
2021-06-24,11:26:00,24.43072,-77.70647,27.5,NA,Falling,NA
2021-06-25,08:54:00,24.42712,-77.76427,28.3,NA,Falling,NA
2021-06-25,09:13:00,24.42631,-77.76412,28,NA,Falling,NA
2021-06-25,09:20:00,24.42751,-77.76327,28,NA,Falling,NA
2021-06-25,09:22:00,24.42611,-77.76359,28,NA,Falling,NA
2021-06-25,09:24:00,24.42648,-77.76235,28,NA,Falling,NA
2021-06-25,09:59:00,24.42631,-77.76412,28,NA,Falling,NA
2021-06-25,10:01:00,24.42712,-77.76427,28,NA,Falling,NA
2021-06-25,10:04:00,24.42751,-77.76327,28,NA,Falling,NA
2021-06-25,10:09:00,24.42611,-77.76359,28,NA,Falling,NA
2021-06-25,10:11:00,24.42648,-77.76235,28,NA,Falling,NA
2021-06-25,10:31:00,24.42611,-77.76359,27.8,NA,Falling,NA
2021-06-25,10:43:00,24.42631,-77.76412,28,NA,Falling,NA
2021-06-25,10:45:00,24.42712,-77.76427,28,NA,Falling,NA
2021-06-25,10:47:00,24.42751,-77.76327,28,NA,Falling,NA
2021-06-25,10:49:00,24.42648,-77.76235,28,NA,Falling,NA
2021-06-25,10:56:00,24.42611,-77.76359,28,NA,Falling,NA
2021-06-25,11:28:00,24.42631,-77.76412,28,NA,Falling,NA
2021-06-25,11:29:00,24.42712,-77.76427,28,NA,Falling,NA
2021-06-25,11:30:00,24.42751,-77.76327,28,NA,Falling,NA
2021-06-25,11:32:00,24.42648,-77.76235,28,NA,Falling,NA
2021-06-25,11:40:00,24.42611,-77.76359,28,NA,Falling,NA
2021-06-25,11:41:00,24.42631,-77.76418,27.8,NA,Falling,NA
2021-06-25,12:14:00,24.42751,-77.76327,28,NA,Falling,NA
2021-06-25,12:15:00,24.42712,-77.76427,28,NA,Falling,NA
2021-06-25,12:18:00,24.42648,-77.76235,28,NA,Falling,NA
2021-06-25,12:22:00,24.42611,-77.76359,28,NA,Falling,NA
2021-06-25,12:23:00,24.42631,-77.76412,28,NA,Falling,NA
2021-06-25,12:34:00,24.42631,-77.76418,28.3,NA,Falling,NA
2021-06-25,12:46:00,24.42631,-77.76418,28.3,NA,Falling,NA
2021-06-25,13:00:00,24.42712,-77.76427,28,NA,Falling,NA
2021-06-25,13:02:00,24.42751,-77.76327,28,NA,Falling,NA
2021-06-25,13:05:00,24.42648,-77.76235,28,NA,Falling,NA
2021-06-25,13:08:00,24.42611,-77.76359,28,NA,Falling,NA
2021-06-25,13:24:00,24.42751,-77.76327,28.9,NA,Falling,NA
2021-06-25,13:40:00,24.42631,-77.76412,29.2,NA,Falling,NA
2021-06-25,13:46:00,24.42712,-77.76427,29.2,NA,Falling,NA
2021-06-25,13:55:00,24.42611,-77.76359,29.2,NA,Falling,NA
2021-06-25,13:58:00,24.42648,-77.76235,29.2,NA,Falling,NA
2021-06-25,14:07:00,24.42631,-77.76418,28.9,NA,Falling,NA
2021-06-25,14:33:00,24.42712,-77.76427,29.2,NA,Falling,NA
2021-06-25,14:35:00,24.42751,-77.76327,29.2,NA,Falling,NA
2021-06-25,14:41:00,24.42611,-77.76359,29.2,NA,Falling,NA
2021-06-25,14:42:00,24.42648,-77.76235,29.2,NA,Falling,NA
2021-06-25,15:01:00,24.42631,-77.76412,29.2,NA,Falling,NA
2021-06-25,15:25:00,24.42712,-77.76427,29.2,NA,Falling,NA
2021-06-25,15:28:00,24.42751,-77.76327,29.2,NA,Falling,NA
2021-06-25,15:31:00,24.42611,-77.76359,29.2,NA,Falling,NA
2021-06-25,15:32:00,24.42648,-77.76235,29.2,NA,Falling,NA
2021-06-25,15:43:00,24.42712,-77.76427,29.2,NA,Rising,NA
2021-06-25,15:48:00,24.42631,-77.76412,29.2,NA,Rising,NA
2021-06-25,16:00:00,24.42712,-77.76427,29.2,NA,Rising,NA
2021-06-25,16:17:00,24.42751,-77.76327,29.2,NA,Rising,NA
2021-06-25,16:21:00,24.42611,-77.76359,29.2,NA,Rising,NA
2021-06-25,16:24:00,24.42648,-77.76235,29.2,NA,Rising,NA
2021-06-25,16:26:00,24.42631,-77.76412,29.2,NA,Rising,NA
2021-06-25,16:46:00,24.42712,-77.76427,29.2,NA,Rising,NA
2021-06-25,17:04:00,24.42751,-77.76327,29.2,NA,Rising,NA
2021-06-25,17:08:00,24.42611,-77.76359,29.2,NA,Rising,NA
2021-06-25,17:10:00,24.42648,-77.76235,29.2,NA,Rising,NA
2021-06-25,17:13:00,24.42631,-77.76412,29.2,NA,Rising,NA
2021-11-14,13:38:00,24.488,-77.713,26.2,NA,Rising,NA
2021-11-14,13:51:00,24.483,-77.711,26.1,NA,Rising,NA
2021-11-14,13:53:00,24.484,-77.712,26.1,NA,Rising,NA
2021-11-14,13:54:00,24.4845,-77.712,26.1,NA,Rising,NA
2021-11-14,13:56:00,24.486,-77.712,26.1,NA,Rising,NA
2021-11-14,14:00:00,24.486,-77.713,26.1,NA,Rising,NA
2021-11-14,14:27:00,24.483,-77.711,26.1,NA,Rising,NA
2021-11-14,14:28:00,24.484,-77.712,26.1,NA,Rising,NA
2021-11-14,14:30:00,24.4845,-77.712,26.1,NA,Rising,NA
2021-11-14,14:32:00,24.486,-77.712,26.1,NA,Rising,NA
2021-11-14,14:33:00,24.486,-77.713,26.1,NA,Rising,NA
2021-11-14,14:35:00,24.488,-77.712,26.1,NA,Rising,NA
2021-11-14,14:40:00,24.484,-77.712,26.1,NA,Rising,NA
2021-11-14,14:55:00,24.483,-77.711,26.1,NA,Rising,NA
2021-11-14,14:57:00,24.484,-77.712,26.1,NA,Rising,NA
2021-11-14,15:00:00,24.486,-77.712,26.1,NA,Rising,NA
2021-11-14,15:01:00,24.486,-77.713,26.1,NA,Rising,NA
2021-11-14,15:03:00,24.488,-77.712,26.1,NA,Rising,NA
2021-11-14,15:26:00,24.483,-77.711,26.1,NA,Rising,NA
2021-11-14,15:29:00,24.484,-77.712,26.1,NA,Rising,NA
2021-11-14,15:32:00,24.486,-77.712,26.1,NA,Rising,NA
2021-11-14,15:34:00,24.486,-77.713,26.1,NA,Rising,NA
2021-11-14,15:36:00,24.488,-77.713,26.7,NA,Rising,NA
2021-11-15,08:21:00,24.42612,-77.76385,26.1,NA,Falling,NA
2021-11-15,08:23:00,24.4269,-77.76538,26.1,NA,Falling,NA
2021-11-15,08:24:00,24.42686,-77.76476,26.1,NA,Falling,NA
2021-11-15,08:26:00,24.42613,-77.76542,26.1,NA,Falling,NA
2021-11-15,08:27:00,24.4263,-77.7651,26.1,NA,Falling,NA
2021-11-15,09:04:00,24.42612,-77.76385,26.1,NA,Falling,NA
2021-11-15,09:06:00,24.4269,-77.76538,26.1,NA,Falling,NA
2021-11-15,09:07:00,24.42686,-77.76476,26.1,NA,Falling,NA
2021-11-15,09:08:00,24.42613,-77.76542,26.1,NA,Falling,NA
2021-11-15,09:09:00,24.4263,-77.7651,26.1,NA,Falling,NA
2021-11-15,09:49:00,24.4263,-77.76583,26.2,NA,Falling,NA
2021-11-15,10:01:00,24.42612,-77.76385,26.1,NA,Falling,NA
2021-11-15,10:05:00,24.4269,-77.76538,26.1,NA,Falling,NA
2021-11-15,10:07:00,24.42686,-77.76476,26.1,NA,Falling,NA
2021-11-15,10:08:00,24.42613,-77.76542,26.1,NA,Falling,NA
2021-11-15,10:52:00,24.42612,-77.76385,26.1,NA,Falling,NA
2021-11-15,10:54:00,24.42738,-77.764415,25.7,NA,Falling,NA
2021-11-15,10:55:00,24.42686,-77.76476,26.1,NA,Falling,NA
2021-11-15,10:57:00,24.42613,-77.76542,26.1,NA,Falling,NA
2021-11-15,11:04:00,24.4269,-77.76538,26.1,NA,Falling,NA
2021-11-15,11:09:00,24.42738,-77.764415,25.7,NA,Falling,NA
2021-11-15,11:51:00,24.42612,-77.76385,26.1,NA,Falling,NA
2021-11-15,11:53:00,24.4269,-77.76538,26.1,NA,Falling,NA
2021-11-15,11:55:00,24.42686,-77.76476,26.1,NA,Falling,NA
2021-11-15,11:57:00,24.42613,-77.76542,26.1,NA,Falling,NA
2021-11-15,11:59:00,24.4263,-77.7651,26.1,NA,Falling,NA
2021-11-15,14:55:00,24.48359,-77.71154,26.1,NA,Rising,NA
2021-11-15,15:18:00,24.4859,-77.7154,25.9,NA,Rising,NA
2021-11-15,15:23:00,24.48144,-77.71253,25.9,NA,Rising,NA
2021-11-15,15:27:00,24.48359,-77.71154,26.1,NA,Rising,NA
2021-11-15,15:37:00,24.48744,-77.71165,25.9,NA,Rising,NA
2021-11-15,15:41:00,24.4859,-77.7154,25.9,NA,Rising,NA
2021-11-15,15:43:00,24.48359,-77.712,25.9,NA,Rising,NA
2021-11-15,15:45:00,24.48144,-77.71253,25.9,NA,Rising,NA
2021-11-15,16:18:00,24.48744,-77.71165,25.9,NA,Rising,NA
2021-11-15,16:20:00,24.4859,-77.7154,25.9,NA,Rising,NA
2021-11-15,16:22:00,24.48359,-77.712,25.9,NA,Rising,NA
2021-11-15,16:23:00,24.482,-77.71247,25.9,NA,Rising,NA
2021-11-15,16:25:00,24.48144,-77.71253,25.9,NA,Rising,NA
2021-11-15,16:59:00,24.48744,-77.71165,25.4,NA,Rising,NA
2021-11-15,17:01:00,24.4859,-77.7154,25.4,NA,Rising,NA
2021-11-15,17:03:00,24.48359,-77.712,25.4,NA,Rising,NA
2021-11-15,17:05:00,24.482,-77.71247,25.4,NA,Rising,NA
2021-11-15,17:07:00,24.48144,-77.71253,25.4,NA,Rising,NA
2021-11-16,08:38:00,24.5819,-77.69411,26.4,NA,Falling,NA
2021-11-16,08:39:00,24.58271,-77.69453,26.4,NA,Falling,NA
2021-11-16,08:40:00,24.53329,-77.69438,26.4,NA,Falling,NA
2021-11-16,08:42:00,24.58435,-77.69504,26.4,NA,Falling,NA
2021-11-16,08:43:00,24.58527,-77.69571,26.4,NA,Falling,NA
2021-11-16,09:25:00,24.5819,-77.69411,26.4,NA,Falling,NA
2021-11-16,09:28:00,24.58271,-77.69453,26.4,NA,Falling,NA
2021-11-16,09:30:00,24.53329,-77.69438,26.4,NA,Falling,NA
2021-11-16,09:32:00,24.58435,-77.69504,26.4,NA,Falling,NA
2021-11-16,09:34:00,24.58527,-77.69571,26.4,NA,Falling,NA
2021-11-16,10:10:00,24.5819,-77.69411,26.4,NA,Falling,NA
2021-11-16,10:12:00,24.58271,-77.69453,26.4,NA,Falling,NA
2021-11-16,10:13:00,24.53329,-77.69438,26.4,NA,Falling,NA
2021-11-16,10:15:00,24.58397,-77.69487,26.5,NA,Falling,NA
2021-11-16,10:24:00,24.58527,-77.69571,26.4,NA,Falling,NA
2021-11-16,10:55:00,24.5819,-77.69411,26.4,NA,Falling,NA
2021-11-16,10:57:00,24.58271,-77.69453,26.4,NA,Falling,NA
2021-11-16,10:58:00,24.53329,-77.69438,26.4,NA,Falling,NA
2021-11-16,11:00:00,24.58435,-77.69504,26.4,NA,Falling,NA
2021-11-16,11:01:00,24.58527,-77.69571,26.4,NA,Falling,NA
2021-11-16,11:40:00,24.5819,-77.69411,26.4,NA,Falling,NA
2021-11-16,11:42:00,24.58271,-77.69453,26.4,NA,Falling,NA
2021-11-16,11:44:00,24.53329,-77.69438,26.4,NA,Falling,NA
2021-11-16,11:47:00,24.58435,-77.69504,26.4,NA,Falling,NA
2021-11-16,11:48:00,24.58527,-77.69571,26.4,NA,Falling,NA
2021-11-16,12:31:00,24.58435,-77.69504,26.4,NA,Falling,NA
2021-11-16,12:33:00,24.58527,-77.69571,26.4,NA,Falling,NA
2021-11-16,12:35:00,24.585599,-77.69512,26.4,NA,Falling,NA
2021-11-16,12:37:00,24.586684,-77.69418,26.4,NA,Falling,NA
2021-11-16,12:38:00,24.5878,-77.694,26.4,NA,Falling,NA
2021-11-16,13:17:00,24.58435,-77.69504,26.4,NA,Falling,NA
2021-11-16,13:18:00,24.58527,-77.69571,26.4,NA,Falling,NA
2021-11-16,13:19:00,24.58527,-77.69571,26.4,NA,Low,NA
2021-11-16,13:21:00,24.585599,-77.69512,26.4,NA,Low,NA
2021-11-16,13:22:00,24.586684,-77.69418,26.4,NA,Low,NA
2021-11-17,09:13:00,24.45389,-77.75333,23.9,NA,Falling,NA
2021-11-17,09:14:00,24.45361,-77.75262,23.9,NA,Falling,NA
2021-11-17,09:16:00,24.45355,-77.75982,23.9,NA,Falling,NA
2021-11-17,09:17:00,24.45355,-77.75072,23.9,NA,Falling,NA
2021-11-17,09:19:00,24.45337,-77.74982,23.9,NA,Falling,NA
2021-11-17,09:57:00,24.45389,-77.75333,23.9,NA,Falling,NA
2021-11-17,09:59:00,24.45361,-77.75262,23.9,NA,Falling,NA
2021-11-17,10:01:00,24.45355,-77.75982,23.9,NA,Falling,NA
2021-11-17,10:02:00,24.45355,-77.75072,23.9,NA,Falling,NA
2021-11-17,10:03:00,24.45337,-77.74982,23.9,NA,Falling,NA
2021-11-17,10:43:00,24.45389,-77.75333,23.9,NA,Falling,NA
2021-11-17,10:45:00,24.45361,-77.75262,23.9,NA,Falling,NA
2021-11-17,10:46:00,24.45355,-77.75982,23.9,NA,Falling,NA
2021-11-17,10:48:00,24.45355,-77.75072,23.9,NA,Falling,NA
2021-11-17,10:49:00,24.45337,-77.74982,23.9,NA,Falling,NA
2021-11-17,11:25:00,24.45389,-77.75333,23.9,NA,Falling,NA
2021-11-17,11:27:00,24.45361,-77.75262,23.9,NA,Falling,NA
2021-11-17,11:28:00,24.45355,-77.75982,23.9,NA,Falling,NA
2021-11-17,11:29:00,24.45355,-77.75072,23.9,NA,Falling,NA
2021-11-17,11:32:00,24.45337,-77.74982,23.9,NA,Falling,NA
2021-11-17,12:11:00,24.45389,-77.75333,23.9,NA,Falling,NA
2021-11-17,12:13:00,24.45361,-77.75262,23.9,NA,Falling,NA
2021-11-17,12:16:00,24.45355,-77.75982,23.9,NA,Falling,NA
2021-11-17,12:17:00,24.45355,-77.75072,23.9,NA,Falling,NA
2021-11-17,12:23:00,24.45337,-77.74982,23.9,NA,Falling,NA
2021-11-17,13:01:00,24.45337,-77.74982,23.9,NA,Falling,NA
2021-11-17,13:10:00,24.45389,-77.75333,23.9,NA,Falling,NA
2021-11-17,13:13:00,24.45361,-77.75262,23.9,NA,Falling,NA
2021-11-17,13:17:00,24.45355,-77.75982,23.9,NA,Falling,NA
2021-11-17,13:19:00,24.45355,-77.75072,23.9,NA,Falling,NA
2021-11-17,13:52:00,24.45389,-77.75333,23.9,NA,Falling,NA
2021-11-17,13:55:00,24.45361,-77.75262,23.9,NA,Falling,NA
2021-11-17,13:58:00,24.45355,-77.75982,23.9,NA,Falling,NA
2021-11-17,14:00:00,24.45355,-77.75072,23.9,NA,Falling,NA
2021-11-17,14:02:00,24.45337,-77.74982,23.9,NA,Falling,NA
2021-11-17,14:14:00,24.45355,-77.75072,23.9,NA,Falling,NA
2021-11-17,14:15:00,24.45337,-77.74982,23.9,NA,Falling,NA
2021-11-17,14:18:00,24.45355,-77.75982,23.9,NA,Falling,NA
2021-11-17,14:20:00,24.45361,-77.75262,23.9,NA,Falling,NA
2021-11-17,14:21:00,24.45389,-77.75333,23.9,NA,Falling,NA
2021-11-19,07:21:00,24.54883,-77.63503,27.4,NA,NA,NA
2021-11-19,07:51:00,24.54883,-77.63503,27.4,NA,NA,NA
2021-11-19,08:01:00,24.54883,-77.63503,27.4,NA,NA,NA
2021-11-19,08:18:00,24.54883,-77.63503,27.4,NA,NA,NA
2021-11-19,08:49:00,24.54883,-77.63503,27.4,NA,NA,NA
